"Url";"Vendeur";"Nom du produit";"Couleur";"Taille";"Prix";"Stock"
"http://www.laredoute.fr/ppdp/prod-500786930.aspx?docid=00000000000001";"La Redoute";"Tablier imprimé pois, Garden Party";"Rouge/Blanc";"Taille Unique";"6,00 €";"En stock."
"http://www.laredoute.fr/ppdp/prod-500786930.aspx?docid=00000000000001";"La Redoute";"Tablier imprimé pois, Garden Party";"Gris/Blanc";"Taille Unique";"6,00 €";"En stock."
"http://www.laredoute.fr/ppdp/prod-500786930.aspx?docid=00000000000001";"La Redoute";"Tablier imprimé pois, Garden Party";"Violet/Blanc";"Taille Unique";"6,00 €";"En stock."
"http://www.laredoute.fr/ppdp/prod-500786930.aspx?docid=00000000000001";"La Redoute";"Tablier imprimé pois, Garden Party";"Marron Taupe/Blanc";"Taille Unique";"6,00 €";"En stock."
"http://www.laredoute.fr/ppdp/prod-500809322.aspx?docid=00110000000001";"La Redoute";"E-carte cadeau La Redoute";"Noir/Or";"10€";"10,00 €";"En stock."
"http://www.laredoute.fr/ppdp/prod-500809322.aspx?docid=00110000000001";"La Redoute";"E-carte cadeau La Redoute";"Noir/Or";"25€";"25,00 €";"En stock."
"http://www.laredoute.fr/ppdp/prod-500809322.aspx?docid=00110000000001";"La Redoute";"E-carte cadeau La Redoute";"Noir/Or";"30€";"30,00 €";"En stock."
"http://www.laredoute.fr/ppdp/prod-500809322.aspx?docid=00110000000001";"La Redoute";"E-carte cadeau La Redoute";"Noir/Or";"50€";"50,00 €";"En stock."
"http://www.laredoute.fr/ppdp/prod-500809322.aspx?docid=00110000000001";"La Redoute";"E-carte cadeau La Redoute";"Noir/Or";"100€";"100,00 €";"En stock."
"http://www.laredoute.fr/ppdp/prod-500809322.aspx?docid=00110000000001";"La Redoute";"E-carte cadeau La Redoute";"Noir/Or";"200€";"200,00 €";"En stock."
"http://www.laredoute.fr/ppdp/prod-500809322.aspx?docid=00110000000001";"La Redoute";"E-carte cadeau La Redoute";"Noir/Or";"250€";"250,00 €";"En stock."
"http://www.laredoute.fr/ppdp/prod-500809322.aspx?docid=00110000000001";"La Redoute";"E-carte cadeau La Redoute";"Rouge";"10€";"10,00 €";"En stock."
"http://www.laredoute.fr/ppdp/prod-500809322.aspx?docid=00110000000001";"La Redoute";"E-carte cadeau La Redoute";"Rouge";"25€";"25,00 €";"En stock."
"http://www.laredoute.fr/ppdp/prod-500809322.aspx?docid=00110000000001";"La Redoute";"E-carte cadeau La Redoute";"Rouge";"30€";"30,00 €";"En stock."
"http://www.laredoute.fr/ppdp/prod-500809322.aspx?docid=00110000000001";"La Redoute";"E-carte cadeau La Redoute";"Rouge";"50€";"50,00 €";"En stock."
"http://www.laredoute.fr/ppdp/prod-500809322.aspx?docid=00110000000001";"La Redoute";"E-carte cadeau La Redoute";"Rouge";"100€";"100,00 €";"En stock."
"http://www.laredoute.fr/ppdp/prod-500809322.aspx?docid=00110000000001";"La Redoute";"E-carte cadeau La Redoute";"Rouge";"200€";"200,00 €";"En stock."
"http://www.laredoute.fr/ppdp/prod-500809322.aspx?docid=00110000000001";"La Redoute";"E-carte cadeau La Redoute";"Rouge";"250€";"250,00 €";"En stock."
"http://www.laredoute.fr/ppdp/prod-500393818.aspx?docid=00000000000001";"Groupe VDS";"Recto Verso - Tablier Réversible Kiwi Et Truffe";"Kiwi/Truffe";"80x90 cm";"33,00 €";"En stock."
"http://www.laredoute.fr/ppdp/prod-500334919.aspx?docid=00000000000001";"Charlotte Boutik";"Tablier adulte Chat";"Couleur Unique";"M/L";"26,86 €";"En stock."
"http://www.laredoute.fr/ppdp/prod-500393842.aspx?docid=00000000000001";"Groupe VDS";"Recto Verso - Tablier Réversible Grenadine Et Cappuccino";"Grenadine/Cappuccino";"80x90 cm";"33,00 €";"En stock."
"http://www.laredoute.fr/ppdp/prod-500482694.aspx?docid=00000000000001";"The French Talents";"Tablier Maia";"Noir";"M/L";"29,90 €";"En stock."
"http://www.laredoute.fr/ppdp/prod-500600858.aspx?docid=00000000000001";"The French Talents";"Tablier écru pour mamie Mamie Gateau signé Nathalie Jomard";"Beige";"M/L";"30,00 €";"En stock."
"http://www.laredoute.fr/ppdp/prod-501007600.aspx?docid=00000000000001";"The French Talents";"Tablier de jardin";"Vert Foncé";"M/L";"39,60 €";"En stock."
"http://www.laredoute.fr/ppdp/prod-501007600.aspx?docid=00000000000001";"The French Talents";"Tablier de jardin";"Orange";"M/L";"23,76 €";"En stock."
"http://www.laredoute.fr/ppdp/prod-501007600.aspx?docid=00000000000001";"The French Talents";"Tablier de jardin";"Fuschia";"M/L";"23,76 €";"En stock."
"http://www.laredoute.fr/ppdp/prod-500082777.aspx?docid=00000000000001";"Charlotte Boutik";"Ensemble Tablier, Manique et gant Minnie";"Couleur Unique";"Taille Unique";"20,12 €";"En stock."
"http://www.laredoute.fr/ppdp/prod-502562746.aspx?docid=00000000000001";"Monteleone";"Double manique GRAND CHEF Noir";"Noir";"Taille Unique";"17,13 €";"En stock."
"http://www.laredoute.fr/ppdp/prod-500783965.aspx?docid=00000000000001";"Toilinux";"Tablier 1 Poche -  Coton - Gris";"Gris";"Taille Unique";"7,49 €";"En stock."
"http://www.laredoute.fr/ppdp/prod-502955511.aspx?docid=00000000000001";"Kdesign";"Tablier cuisine noir bistrot ASA 250°c";"Multicolore";"Taille Unique";"13,90 €";"En stock."
"http://www.laredoute.fr/ppdp/prod-502955651.aspx?docid=00000000000001";"Kdesign";"Tablier de cuisine design  rayures remember stripes";"Gris";"Taille Unique";"13,90 €";"En stock."
"http://www.laredoute.fr/ppdp/prod-501407499.aspx?docid=00000000000001";"Toilinux";"Gant et manique - Coton - Gris foncé";"Gris Foncé";"Taille Unique";"6,39 €";"En stock."
"http://www.laredoute.fr/ppdp/prod-500620374.aspx?docid=00000000000001";"Monteleone";"Gant de four TREND";"Taupe";"Taille Unique";"6,32 €";"En stock."
"http://www.laredoute.fr/ppdp/prod-500620374.aspx?docid=00000000000001";"Monteleone";"Gant de four TREND";"Orange";"Taille Unique";"6,32 €";"En stock."
"http://www.laredoute.fr/ppdp/prod-500620374.aspx?docid=00000000000001";"Monteleone";"Gant de four TREND";"Kiwi";"Taille Unique";"6,32 €";"En stock."
"http://www.laredoute.fr/ppdp/prod-500620374.aspx?docid=00000000000001";"Monteleone";"Gant de four TREND";"Noir";"Taille Unique";"6,32 €";"En stock."
"http://www.laredoute.fr/ppdp/prod-500620374.aspx?docid=00000000000001";"Monteleone";"Gant de four TREND";"Rouge";"Taille Unique";"6,32 €";"En stock."
"http://www.laredoute.fr/ppdp/prod-500162837.aspx?docid=00000000000001";"Sensei";"Tablier de cuisine Uni Coton Poche Bicolore";"Anthracite";"Taille Unique";"12,00 €";"En stock."
"http://www.laredoute.fr/ppdp/prod-500162837.aspx?docid=00000000000001";"Sensei";"Tablier de cuisine Uni Coton Poche Bicolore";"Gris";"Taille Unique";"9,00 €";"En stock."
"http://www.laredoute.fr/ppdp/prod-500162837.aspx?docid=00000000000001";"Sensei";"Tablier de cuisine Uni Coton Poche Bicolore";"Taupe";"Taille Unique";"9,00 €";"En stock."
"http://www.laredoute.fr/ppdp/prod-500162837.aspx?docid=00000000000001";"Sensei";"Tablier de cuisine Uni Coton Poche Bicolore";"Ficelle";"Taille Unique";"9,00 €";"En stock."
"http://www.laredoute.fr/ppdp/prod-500783934.aspx?docid=00000000000001";"Toilinux";"Tablier 1 Poche -  Coton - Rose";"Rose";"Taille Unique";"7,49 €";"En stock."
"http://www.laredoute.fr/ppdp/prod-500783998.aspx?docid=00000000000001";"Toilinux";"Tablier 1 Poche -  Coton - Rouge";"Rouge";"Taille Unique";"7,49 €";"En stock."
"http://www.laredoute.fr/ppdp/prod-501407496.aspx?docid=00000000000001";"Toilinux";"Gant et manique Bistrot - Gris";"Gris";"Taille Unique";"7,49 €";"En stock."
"http://www.laredoute.fr/ppdp/prod-501407483.aspx?docid=00000000000001";"Toilinux";"Gant et manique - Coton - Rouge";"Rouge";"Taille Unique";"6,39 €";"En stock."
"http://www.laredoute.fr/ppdp/prod-500165646.aspx?docid=00000000000001";"Sensei";"Tablier Imprimé CHAT CHIC BLANC";"Blanc";"Taille Unique";"9,00 €";"En stock."
"http://www.laredoute.fr/ppdp/prod-500165698.aspx?docid=00000000000001";"Sensei";"Tablier Imprimé CHAT RIT VARIE";"Blanc";"Taille Unique";"11,00 €";"En stock."
"http://www.laredoute.fr/ppdp/prod-500266161.aspx?docid=00000000000001";"Lili&#39;s";"Manique Maison Menthe Ferm Living";"Menthe";"Taille Unique";"11,00 €";"En stock."
"http://www.laredoute.fr/ppdp/prod-500284534.aspx?docid=00000000000001";"Charlotte Boutik";"Tablier de cuisine Simpsons";"Couleur Unique";"Taille Unique";"13,37 €";"En stock."
"http://www.laredoute.fr/ppdp/prod-500393845.aspx?docid=00000000000001";"Groupe VDS";"Bords De Mer - Tablier";"Bleu & Beige";"80x90 cm";"29,00 €";"En stock."
"http://www.laredoute.fr/ppdp/prod-500494082.aspx?docid=00000000000001";"The French Talents";"Tablier de cuisine femme beige en coton Super Maman";"Ecru";"M/L";"30,00 €";"En stock."
"http://www.laredoute.fr/ppdp/prod-500502063.aspx?docid=00000000000001";"Groupe VDS";"Vacances En France - Tablier France Et Traditions";"Rouge";"86x76 cm";"32,00 €";"En stock."
"http://www.laredoute.fr/ppdp/prod-500758688.aspx?docid=00000000000001";"Groupe VDS";"Tablier Légumes Sportifs Multicolore - 70 X 82 Cm";"Multicolore";"75x85 cm";"29,00 €";"En stock."
"http://www.laredoute.fr/ppdp/prod-500760420.aspx?docid=00000000000001";"Blanc Cerise";"Tablier - métis - lin - uni";"Lin";"70x80 cm";"20,80 €";"En stock."
"http://www.laredoute.fr/ppdp/prod-500783894.aspx?docid=00000000000001";"Toilinux";"Tablier 1 Poche -  Coton - Taupe";"Taupe";"Taille Unique";"8,89 €";"En stock."
"http://www.laredoute.fr/ppdp/prod-500824604.aspx?docid=00000000000001";"The French Talents";"Tablier Enfant Arnaga Pêche";"Bleu";"10 ans";"22,00 €";"En stock."
"http://www.laredoute.fr/ppdp/prod-501407534.aspx?docid=00000000000001";"Toilinux";"Gant et manique Rayure - Bleu";"Bleu";"Taille Unique";"6,49 €";"En stock."
"http://www.laredoute.fr/ppdp/prod-501916377.aspx?docid=00000000000001";"Lameirinho";"Gant de cuisine - Picnic";"Multicolor";"Taille Unique";"8,90 €";""
"http://www.laredoute.fr/ppdp/prod-502328865.aspx?docid=00000000000001";"Groupe VDS";"Tablier Monuments De Paris Bleu";"Bleu";"75x85 cm";"31,86 €";"En stock."
"http://www.laredoute.fr/ppdp/prod-502955656.aspx?docid=00000000000001";"Kdesign";"Tablier multicolore remember Jolly";"Multicolore";"Taille Unique";"13,90 €";"En stock."
"http://www.laredoute.fr/ppdp/prod-503684671.aspx?docid=00000000000001";"Monteleone";"Double manique SEL ET POIVRE Noir";"Noir";"Taille Unique";"12,07 €";"En stock."
"http://www.laredoute.fr/ppdp/prod-504040840.aspx?docid=00000000000001";"Sylvie Thiriez";"Manique Make a wish";"Couleur Unique";"Taille Unique";"6,25 €";"En stock."
"http://www.laredoute.fr/ppdp/prod-505140558.aspx?docid=00000000000001";"Charlotte Boutik";"Tablier adulte Nain de Jardin";"Couleur Unique";"M/L";"26,86 €";"En stock."
"http://www.laredoute.fr/ppdp/prod-500162700.aspx?docid=00000000000001";"Toilinux";"Gant et manique de cuisine - Anis";"Vert";"40X40 cm";"5,69 €";"En stock."
"http://www.laredoute.fr/ppdp/prod-500165696.aspx?docid=00000000000001";"Sensei";"Tablier Imprimé CHAT SMART BLANC";"Blanc";"Taille Unique";"11,00 €";"En stock."
"http://www.laredoute.fr/ppdp/prod-500296820.aspx?docid=00000000000001";"Sylvie Thiriez";"Manique A TABLE JEUNE POUSSE";"Couleur Unique";"Taille Unique";"4,50 €";"En stock."
"http://www.laredoute.fr/ppdp/prod-500393826.aspx?docid=00000000000001";"Groupe VDS";"Légumes Et Huile D&#39;olive - Tablier Provence";"Noir";"80/82";"33,00 €";"En stock."
"http://www.laredoute.fr/ppdp/prod-500393906.aspx?docid=00000000000001";"Groupe VDS";"J&#39;aime La France - Tablier A Bicyclette";"Azalée";"80/82";"29,00 €";"En stock."
"http://www.laredoute.fr/ppdp/prod-500393908.aspx?docid=00000000000001";"Groupe VDS";"Chalet D&#39;hiver - Tablier";"Beige / Rouge";"86x76 cm";"21,70 €";"En stock."
"http://www.laredoute.fr/ppdp/prod-500393923.aspx?docid=00000000000001";"Groupe VDS";"Coucke - Légumes Et Huile D&#39;olive - Tablier Provence";"Multicolore";"80x90 cm";"29,00 €";"En stock."
"http://www.laredoute.fr/ppdp/prod-500496655.aspx?docid=00000000000001";"The French Talents";"Tablier de cuisine fruits d&#39;été";"Beige";"M/L";"30,00 €";"En stock."
"http://www.laredoute.fr/ppdp/prod-500743554.aspx?docid=00000000000001";"Blanc Cerise";"tablier blanc en métis imprimé cerf";"Blanc";"70x80 cm";"32,00 €";"En stock."
"http://www.laredoute.fr/ppdp/prod-500758695.aspx?docid=00000000000001";"Groupe VDS";"Tablier Expresso Noir - 70 X 82 Cm";"Noir";"75x85 cm";"29,00 €";"En stock."
"http://www.laredoute.fr/ppdp/prod-500783918.aspx?docid=00000000000001";"Toilinux";"Tablier Flashy - Coton - Rose";"Rose";"Taille Unique";"8,89 €";"En stock."
"http://www.laredoute.fr/ppdp/prod-500784012.aspx?docid=00000000000001";"Toilinux";"Tablier Flashy - Coton - Turquoise";"Turquoise";"Taille Unique";"8,89 €";"En stock."
"http://www.laredoute.fr/ppdp/prod-500824391.aspx?docid=00000000000001";"The French Talents";"Tablier Olhette";"Multicolore";"10 ans";"40,00 €";"En stock."
"http://www.laredoute.fr/ppdp/prod-500824391.aspx?docid=00000000000001";"The French Talents";"Tablier Olhette";"Bleu";"10 ans";"40,00 €";"En stock."
"http://www.laredoute.fr/ppdp/prod-500824809.aspx?docid=00000000000001";"The French Talents";"Tablier Arnaga Pêche Basque Bleu";"Bleu";"10 ans";"35,00 €";"En stock."
"http://www.laredoute.fr/ppdp/prod-500855672.aspx?docid=00000000000001";"Sylvie Thiriez";"Gant de cuisine Après-midi";"Couleur Unique";"Taille Unique";"8,75 €";"En stock."
"http://www.laredoute.fr/ppdp/prod-500941825.aspx?docid=00000000000001";"The French Talents";"Manique Fete de Flamant Rose";"Multicolore";"Taille Unique";"10,00 €";"En stock."
"http://www.laredoute.fr/ppdp/prod-500941846.aspx?docid=00000000000001";"The French Talents";"Gant de Cuisine Papillon Naturel";"Multicolore";"Taille Unique";"16,00 €";"En stock."
"http://www.laredoute.fr/ppdp/prod-500973496.aspx?docid=00000000000001";"Charlotte Boutik";"Tablier bleu adulte Corsica";"Couleur Unique";"75x85 cm";"17,54 €";"En stock."
"http://www.laredoute.fr/ppdp/prod-501407537.aspx?docid=00000000000001";"Toilinux";"Gant et manique Welcome Black";"Noir";"Taille Unique";"6,49 €";"En stock."
"http://www.laredoute.fr/ppdp/prod-503214922.aspx?docid=00000000000001";"Kdesign";"Gant de cuisine noir design asa 180°";"Multicolore";"Taille Unique";"4,90 €";"En stock."
"http://www.laredoute.fr/ppdp/prod-505037184.aspx?docid=00000000000001";"The French Talents";"Tablier 100% Coton";"Bordeaux";"M/L";"30,00 €";"En stock."
"http://www.laredoute.fr/ppdp/prod-505037184.aspx?docid=00000000000001";"The French Talents";"Tablier 100% Coton";"Gris";"M/L";"30,00 €";"En stock."
"http://www.laredoute.fr/ppdp/prod-505037184.aspx?docid=00000000000001";"The French Talents";"Tablier 100% Coton";"Bleu";"M/L";"30,00 €";"En stock."
"http://www.laredoute.fr/ppdp/prod-505037184.aspx?docid=00000000000001";"The French Talents";"Tablier 100% Coton";"Moutarde";"M/L";"30,00 €";"En stock."
"http://www.laredoute.fr/ppdp/prod-505037184.aspx?docid=00000000000001";"The French Talents";"Tablier 100% Coton";"Corail";"M/L";"30,00 €";"En stock."
"http://www.laredoute.fr/ppdp/prod-505411486.aspx?docid=00000000000001";"The French Talents";"Tablier de cuisine en coton";"Gris";"M/L";"46,50 €";"En stock."
"http://www.laredoute.fr/ppdp/prod-500165695.aspx?docid=00000000000001";"Sensei";"Tablier Imprimé CHAT CHIC GRIS";"Gris";"Taille Unique";"9,00 €";"En stock."
"http://www.laredoute.fr/ppdp/prod-500296819.aspx?docid=00000000000001";"Sylvie Thiriez";"Manique A TABLE TURQUOISE";"Couleur Unique";"Taille Unique";"4,50 €";"En stock."
"http://www.laredoute.fr/ppdp/prod-500334719.aspx?docid=00000000000001";"Charlotte Boutik";"Tablier adulte Fabrication française";"Couleur Unique";"Taille Unique";"40,37 €";"En stock."
"http://www.laredoute.fr/ppdp/prod-500391754.aspx?docid=00000000000001";"Logeek Design";"Manique PacMan, Cadeau Fun";"Multicolore";"Taille Unique";"12,90 €";"En stock."
"http://www.laredoute.fr/ppdp/prod-500393827.aspx?docid=00000000000001";"Groupe VDS";"Coucke - Pique-nique - Tablier";"Rouge";"80/82";"29,00 €";"En stock."
"http://www.laredoute.fr/ppdp/prod-500393914.aspx?docid=00000000000001";"Groupe VDS";"Cuisine Française - Tablier";"Taupe";"80x90 cm";"29,00 €";"En stock."
"http://www.laredoute.fr/ppdp/prod-500490257.aspx?docid=00000000000001";"The French Talents";"Tablier Arnaga Confiture Cerise";"Violet Foncé";"M/L";"35,00 €";"En stock."
"http://www.laredoute.fr/ppdp/prod-500494079.aspx?docid=00000000000001";"The French Talents";"Tablier de Cuisine en coton noir Clément";"Noir";"M/L";"31,00 €";"En stock."
"http://www.laredoute.fr/ppdp/prod-500495185.aspx?docid=00000000000001";"The French Talents";"Tablier de cuisine Lavande";"Beige";"M/L";"30,00 €";"En stock."
"http://www.laredoute.fr/ppdp/prod-500600855.aspx?docid=00000000000001";"The French Talents";"Tablier beige Super Mamie";"Beige";"M/L";"30,00 €";"En stock."
"http://www.laredoute.fr/ppdp/prod-500620363.aspx?docid=00000000000001";"Monteleone";"Manique TREND";"Rouge";"Taille Unique";"3,45 €";"En stock."
"http://www.laredoute.fr/ppdp/prod-500620363.aspx?docid=00000000000001";"Monteleone";"Manique TREND";"Kiwi";"Taille Unique";"3,45 €";"En stock."
"http://www.laredoute.fr/ppdp/prod-500620363.aspx?docid=00000000000001";"Monteleone";"Manique TREND";"Orange";"Taille Unique";"3,45 €";"En stock."
"http://www.laredoute.fr/ppdp/prod-500620363.aspx?docid=00000000000001";"Monteleone";"Manique TREND";"Noir";"Taille Unique";"3,45 €";"En stock."
"http://www.laredoute.fr/ppdp/prod-500620363.aspx?docid=00000000000001";"Monteleone";"Manique TREND";"Gris Clair";"Taille Unique";"3,45 €";"En stock."
"http://www.laredoute.fr/ppdp/prod-500756463.aspx?docid=00000000000001";"Dynamic Distrib";"ThinkGeek Tablier Tactical BBQ 33 cm";"Couleur Unique";"M/L";"35,95 €";"En stock."
"http://www.laredoute.fr/ppdp/prod-500782794.aspx?docid=00000000000001";"Charlotte Boutik";"Tablier adulte Volkswagen";"Couleur Unique";"L";"34,96 €";"En stock."
"http://www.laredoute.fr/ppdp/prod-500783835.aspx?docid=00000000000001";"Toilinux";"Tablier 1 Poche -  Coton - Gris";"Gris";"Taille Unique";"7,49 €";"En stock."
"http://www.laredoute.fr/ppdp/prod-500783873.aspx?docid=00000000000001";"Toilinux";"Tablier Rayures - Coton - Taupe";"Taupe";"Taille Unique";"8,89 €";"En stock."
"http://www.laredoute.fr/ppdp/prod-500783883.aspx?docid=00000000000001";"Toilinux";"Tablier Rayures - Coton - Bleu";"Bleu";"Taille Unique";"8,89 €";"En stock."
"http://www.laredoute.fr/ppdp/prod-500855620.aspx?docid=00000000000001";"Sylvie Thiriez";"Manique Après-midi";"Couleur Unique";"Taille Unique";"6,25 €";"En stock."
"http://www.laredoute.fr/ppdp/prod-500973495.aspx?docid=00000000000001";"Charlotte Boutik";"Tablier Rose adulte Corsica";"Couleur Unique";"75x85 cm";"17,54 €";"En stock."
"http://www.laredoute.fr/ppdp/prod-501407558.aspx?docid=00000000000001";"Toilinux";"Gant et manique Bistrot - Rouge";"Rouge";"Taille Unique";"7,49 €";"En stock."
"http://www.laredoute.fr/ppdp/prod-501407570.aspx?docid=00000000000001";"Toilinux";"Gant et manique - Coton - Gris clair";"Gris Clair";"Taille Unique";"6,39 €";"En stock."
"http://www.laredoute.fr/ppdp/prod-501407588.aspx?docid=00000000000001";"Toilinux";"Gant et manique - Coton - Ivoire";"Ivoire";"Taille Unique";"6,39 €";"En stock."
"http://www.laredoute.fr/ppdp/prod-502955655.aspx?docid=00000000000001";"Kdesign";"Tablier de cuisine  original remember fresh green";"Vert";"Taille Unique";"13,90 €";"En stock."
"http://www.laredoute.fr/ppdp/prod-504978393.aspx?docid=00000000000001";"Charlotte Boutik";"Gant de cuisine Rétro beige";"Couleur Unique";"M";"3,37 €";"En stock."
"http://www.laredoute.fr/ppdp/prod-504978394.aspx?docid=00000000000001";"Charlotte Boutik";"Gant de cuisine Rétro Vert";"Couleur Unique";"M";"3,37 €";"En stock."
"http://www.laredoute.fr/ppdp/prod-505411489.aspx?docid=00000000000001";"The French Talents";"Tablier de cuisine en coton";"Ecru";"M/L";"46,50 €";"En stock."
"http://www.laredoute.fr/ppdp/prod-505411493.aspx?docid=00000000000001";"The French Talents";"Tablier de cuisine en coton";"Orange";"M/L";"46,50 €";"En stock."
"http://www.laredoute.fr/ppdp/prod-505411494.aspx?docid=00000000000001";"The French Talents";"Tablier de cuisine en coton";"Orange";"M/L";"46,50 €";"En stock."
"http://www.laredoute.fr/ppdp/prod-500266095.aspx?docid=00000000000001";"Lili&#39;s";"Manique Maison Bleu Ferm Living";"Bleu";"Taille Unique";"11,00 €";"En stock."
"http://www.laredoute.fr/ppdp/prod-500297205.aspx?docid=00000000000001";"Sylvie Thiriez";"Gant de cuisine A TABLE TURQUOISE";"Couleur Unique";"Taille Unique";"7,50 €";"En stock."
"http://www.laredoute.fr/ppdp/prod-500393843.aspx?docid=00000000000001";"Groupe VDS";"Rétro - Tablier Rétro";"Anthracite";"80/82";"31,00 €";"En stock."
"http://www.laredoute.fr/ppdp/prod-500393892.aspx?docid=00000000000001";"Groupe VDS";"J&#39;aime La France - Tablier Tour Eiffel";"Turquoise";"80/82";"29,00 €";"En stock."
"http://www.laredoute.fr/ppdp/prod-500447196.aspx?docid=00000000000001";"Sylvie Thiriez";"Gant de cuisine LAPONIE";"Couleur Unique";"Taille Unique";"5,00 €";"En stock."
"http://www.laredoute.fr/ppdp/prod-500508446.aspx?docid=00000000000001";"Charlotte Boutik";"Manique et gant Stade Toulousain";"Couleur Unique";"Taille Unique";"15,52 €";"En stock."
"http://www.laredoute.fr/ppdp/prod-500509042.aspx?docid=00000000000001";"Charlotte Boutik";"Ensemble de cuisine O.M";"Couleur Unique";"Taille Unique";"14,18 €";"En stock."
"http://www.laredoute.fr/ppdp/prod-500509251.aspx?docid=00000000000001";"Charlotte Boutik";"Tablier adulte Spiderman";"Couleur Unique";"Taille Unique";"16,20 €";"En stock."
"http://www.laredoute.fr/ppdp/prod-500509673.aspx?docid=00000000000001";"Charlotte Boutik";"Tablier adulte Paris";"Couleur Unique";"Taille Unique";"17,42 €";"En stock."
"http://www.laredoute.fr/ppdp/prod-500511500.aspx?docid=00000000000001";"The French Talents";"Tablier en coton rayures";"Bleu";"M/L";"32,00 €";"En stock."
"http://www.laredoute.fr/ppdp/prod-500511500.aspx?docid=00000000000001";"The French Talents";"Tablier en coton rayures";"Vert Anis";"M/L";"32,00 €";"En stock."
"http://www.laredoute.fr/ppdp/prod-500783906.aspx?docid=00000000000001";"Toilinux";"Tablier 1 Poche -  Coton - Ivoire";"Ivoire";"Taille Unique";"7,49 €";"En stock."
"http://www.laredoute.fr/ppdp/prod-500784005.aspx?docid=00000000000001";"Toilinux";"Tablier Rayures - Coton - Fuschia";"Fuschia";"Taille Unique";"8,89 €";"En stock."
"http://www.laredoute.fr/ppdp/prod-500948504.aspx?docid=00000000000001";"Charlotte Boutik";"Ensemble gant et manique Paris et Vélib";"Couleur Unique";"1";"16,07 €";"En stock."
"http://www.laredoute.fr/ppdp/prod-501407457.aspx?docid=00000000000001";"Toilinux";"Gant et manique - Coton - Rose";"Rose";"Taille Unique";"6,39 €";"En stock."
"http://www.laredoute.fr/ppdp/prod-502328862.aspx?docid=00000000000001";"Groupe VDS";"Tablier C&#39;est Moi Le Chef ! Vert";"Vert";"75x85 cm";"29,48 €";"En stock."
"http://www.laredoute.fr/ppdp/prod-503136277.aspx?docid=00000000000001";"Lameirinho";"Watermelon - Gant de cuisine";"Multicolore";"Taille Unique";"7,90 €";""
"http://www.laredoute.fr/ppdp/prod-505346059.aspx?docid=00000000000001";"The French Talents";"Tablier - A table merde";"Blanc";"M/L";"34,90 €";"En stock."
"http://www.laredoute.fr/ppdp/prod-505346059.aspx?docid=00000000000001";"The French Talents";"Tablier - A table merde";"Noir";"M/L";"34,90 €";"En stock."
"http://www.laredoute.fr/ppdp/prod-500047173.aspx?docid=00000000000001";"Lili&#39;s";"Tablier de cuisine Triangle Multicolore Ferm Living";"Multicolore";"Taille Unique";"30,00 €";"En stock."
"http://www.laredoute.fr/ppdp/prod-500266339.aspx?docid=00000000000001";"Lili&#39;s";"Tablier de Cuisine Gris Foncé House Doctor";"Gris Foncé";"Taille Unique";"23,00 €";"En stock."
"http://www.laredoute.fr/ppdp/prod-500284697.aspx?docid=00000000000001";"Charlotte Boutik";"Ensemble gant et manique Simpsons";"Couleur Unique";"Taille Unique";"10,66 €";"En stock."
"http://www.laredoute.fr/ppdp/prod-500384783.aspx?docid=00000000000001";"Hello Cadeau";"Tablier adulte Moustache";"Couleur Unique";"Taille Unique";"18,80 €";"En stock."
"http://www.laredoute.fr/ppdp/prod-500393833.aspx?docid=00000000000001";"Groupe VDS";"Terroir Français - Tablier Vins De France";"Bordeaux";"80x90 cm";"29,00 €";"En stock."
"http://www.laredoute.fr/ppdp/prod-500484019.aspx?docid=00000000000001";"The French Talents";"Tablier Flashy 100% Coton";"Multicolore";"40";"25,00 €";"En stock."
"http://www.laredoute.fr/ppdp/prod-500502090.aspx?docid=00000000000001";"Groupe VDS";"Basics - Tablier Recto Verso";"Noir";"86x76 cm";"33,00 €";"En stock."
"http://www.laredoute.fr/ppdp/prod-500758693.aspx?docid=00000000000001";"Groupe VDS";"Tablier Vaisselle Rose - 70 X 82 Cm";"Rose";"75x85 cm";"32,50 €";"En stock."
"http://www.laredoute.fr/ppdp/prod-500758694.aspx?docid=00000000000001";"Groupe VDS";"Tablier Vins Gris - 70 X 82 Cm";"Gris";"75x85 cm";"32,50 €";"En stock."
"http://www.laredoute.fr/ppdp/prod-500760394.aspx?docid=00000000000001";"Blanc Cerise";"Tablier - métis - gris - uni";"Gris";"70x80 cm";"20,80 €";"En stock."
"http://www.laredoute.fr/ppdp/prod-500783936.aspx?docid=00000000000001";"Toilinux";"Tablier 1 Poche -  Coton - Couleur Lin";"Lin";"Taille Unique";"7,49 €";"En stock."
"http://www.laredoute.fr/ppdp/prod-500783954.aspx?docid=00000000000001";"Toilinux";"Tablier Rayures - Coton - Gris";"Gris";"Taille Unique";"8,89 €";"En stock."
"http://www.laredoute.fr/ppdp/prod-500824234.aspx?docid=00000000000001";"The French Talents";"Tablier Saint Jean De Luz Ecorce";"Marron";"10 ans";"40,00 €";"En stock."
"http://www.laredoute.fr/ppdp/prod-500855667.aspx?docid=00000000000001";"Sylvie Thiriez";"Manique Jörgen bleu";"Couleur Unique";"Taille Unique";"6,25 €";"En stock."
"http://www.laredoute.fr/ppdp/prod-500941843.aspx?docid=00000000000001";"The French Talents";"Manique Papillon Naturel";"Multicolore";"Taille Unique";"10,00 €";"En stock."
"http://www.laredoute.fr/ppdp/prod-500948528.aspx?docid=00000000000001";"Charlotte Boutik";"Ensemble gant et manique Paris";"Couleur Unique";"1";"16,07 €";"En stock."
"http://www.laredoute.fr/ppdp/prod-500948529.aspx?docid=00000000000001";"Charlotte Boutik";"Ensemble gant et manique Paris Médaillon";"Couleur Unique";"1";"16,07 €";"En stock."
"http://www.laredoute.fr/ppdp/prod-501407538.aspx?docid=00000000000001";"Toilinux";"Gant et manique Rayure - Taupe";"Taupe";"Taille Unique";"6,49 €";"En stock."
"http://www.laredoute.fr/ppdp/prod-503385571.aspx?docid=00000000000001";"The French Talents";"Torchon en lin";"Ecru";"M/L";"15,50 €";"En stock."
"http://www.laredoute.fr/ppdp/prod-504940149.aspx?docid=00000000000001";"The French Talents";"Tablier Flamant Rose";"Multicolore";"M/L";"22,00 €";"En stock."
"http://www.laredoute.fr/ppdp/prod-504978392.aspx?docid=00000000000001";"Charlotte Boutik";"Gant de cuisine Rétro Jaune";"Couleur Unique";"M";"3,37 €";"En stock."
"http://www.laredoute.fr/ppdp/prod-505037195.aspx?docid=00000000000001";"The French Talents";"Tablier en coton";"Vert";"M/L";"30,00 €";"En stock."
"http://www.laredoute.fr/ppdp/prod-505037195.aspx?docid=00000000000001";"The French Talents";"Tablier en coton";"Bleu";"M/L";"30,00 €";"En stock."
"http://www.laredoute.fr/ppdp/prod-505037195.aspx?docid=00000000000001";"The French Talents";"Tablier en coton";"Rose";"M/L";"30,00 €";"En stock."
"http://www.laredoute.fr/ppdp/prod-505140548.aspx?docid=00000000000001";"Charlotte Boutik";"Lot de 2 Torchons de cuisine rectangulaire en coton 50 x 70 cm";"Couleur Unique";"M";"9,32 €";"En stock."
"http://www.laredoute.fr/ppdp/prod-505164062.aspx?docid=00000000000001";"Charlotte Boutik";"Tablier adulte à nouer PSG";"Couleur Unique";"75x85 cm";"22,81 €";"En stock."
"http://www.laredoute.fr/ppdp/prod-500139687.aspx?docid=00000000000001";"Incidence";"TABLIER COTON - Je suis le chef";"Noir";"Taille Unique";"20,00 €";"En stock."
"http://www.laredoute.fr/ppdp/prod-500306798.aspx?docid=00000000000001";"Logeek Design";"Tablier pour Enfant 11ème Dr Who";"Couleur Unique";"Taille Unique";"12,90 €";"En stock."
"http://www.laredoute.fr/ppdp/prod-500393902.aspx?docid=00000000000001";"Groupe VDS";"Bistrot De Paris - Tablier";"Rouge";"80x90 cm";"29,00 €";"En stock."
"http://www.laredoute.fr/ppdp/prod-500484857.aspx?docid=00000000000001";"The French Talents";"Tablier Arnaga Hortensia Pastel";"Gris Anthracite";"M/L";"35,00 €";"En stock."
"http://www.laredoute.fr/ppdp/prod-500494238.aspx?docid=00000000000001";"The French Talents";"Tablier de cuisine homme beige en coton Papa gourmand";"Beige";"M/L";"30,00 €";"En stock."
"http://www.laredoute.fr/ppdp/prod-500502068.aspx?docid=00000000000001";"Groupe VDS";"Graphique - Tablier Ustensiles";"Turquoise";"84/86";"32,00 €";"En stock."
"http://www.laredoute.fr/ppdp/prod-500502072.aspx?docid=00000000000001";"Groupe VDS";"Lifestyle - Tablier Gourmet";"Anthracite";"84/86";"30,00 €";"En stock."
"http://www.laredoute.fr/ppdp/prod-500508717.aspx?docid=00000000000001";"Charlotte Boutik";"Tablier adulte de cuisine Lapins Crétins";"Couleur Unique";"Taille Unique";"16,20 €";"En stock."
"http://www.laredoute.fr/ppdp/prod-500509236.aspx?docid=00000000000001";"Dynamic Distrib";"Ensemble 3 pièces Cuisinier Marvel Comics Captain America";"Couleur Unique";"Taille Unique";"19,95 €";"En stock."
"http://www.laredoute.fr/ppdp/prod-500511561.aspx?docid=00000000000001";"The French Talents";"Tablier en coton thème Vin";"Rouge";"M/L";"32,00 €";"En stock."
"http://www.laredoute.fr/ppdp/prod-500824930.aspx?docid=00000000000001";"The French Talents";"Tablier Maia Blanc";"Blanc";"10 ans";"30,00 €";"En stock."
"http://www.laredoute.fr/ppdp/prod-500996109.aspx?docid=00000000000001";"Blanc Cerise";"Tablier - 100% coton - imprimé graphique bleu et vert";"Bleu/Vert";"70x80 cm";"16,00 €";"En stock."
"http://www.laredoute.fr/ppdp/prod-501407524.aspx?docid=00000000000001";"Toilinux";"Gant et manique VIP Lounge";"Noir";"Taille Unique";"7,49 €";"En stock."
"http://www.laredoute.fr/ppdp/prod-503385418.aspx?docid=00000000000001";"The French Talents";"Torchon Traditionnel";"Ecru";"M/L";"15,50 €";"En stock."
"http://www.laredoute.fr/ppdp/prod-503385418.aspx?docid=00000000000001";"The French Talents";"Torchon Traditionnel";"Blanc Cassé";"M/L";"12,40 €";"En stock."
"http://www.laredoute.fr/ppdp/prod-503385572.aspx?docid=00000000000001";"The French Talents";"Tablier Cocotte";"Noir";"M/L";"33,00 €";"En stock."
"http://www.laredoute.fr/ppdp/prod-500047175.aspx?docid=00000000000001";"Lili&#39;s";"Tablier de cuisine Black Stripe Ferm Living";"Noir Blanc Rose";"Taille Unique";"30,00 €";"En stock."
"http://www.laredoute.fr/ppdp/prod-500296824.aspx?docid=00000000000001";"Sylvie Thiriez";"Manique A TABLE LIN";"Couleur Unique";"Taille Unique";"4,50 €";"En stock."
"http://www.laredoute.fr/ppdp/prod-500297203.aspx?docid=00000000000001";"Sylvie Thiriez";"Gant de cuisine A TABLE JEUNE POUSSE";"Couleur Unique";"Taille Unique";"7,50 €";"En stock."
"http://www.laredoute.fr/ppdp/prod-500297206.aspx?docid=00000000000001";"Sylvie Thiriez";"Gant de cuisine A TABLE LIN";"Couleur Unique";"Taille Unique";"7,50 €";"En stock."
"http://www.laredoute.fr/ppdp/prod-500390916.aspx?docid=00000000000001";"Sylvie Thiriez";"Manique LAPONIE";"Couleur Unique";"Taille Unique";"4,00 €";"En stock."
"http://www.laredoute.fr/ppdp/prod-500393903.aspx?docid=00000000000001";"Groupe VDS";"J&#39;aime La France - Tablier En Voiture";"Gris";"80/82";"29,00 €";"En stock."
"http://www.laredoute.fr/ppdp/prod-500433441.aspx?docid=00000000000001";"Charlotte Boutik";"Tablier de cuisine rectangulaire en coton Les chats de Dubout";"Couleur Unique";"Taille Unique";"35,03 €";"En stock."
"http://www.laredoute.fr/ppdp/prod-500490171.aspx?docid=00000000000001";"The French Talents";"Tablier Arnaga Piments d&#39;Anglet Salade";"Vert";"M/L";"35,00 €";"En stock."
"http://www.laredoute.fr/ppdp/prod-500490217.aspx?docid=00000000000001";"The French Talents";"Tablier Arnaga Brebis Noir";"Noir";"M/L";"35,00 €";"En stock."
"http://www.laredoute.fr/ppdp/prod-500490291.aspx?docid=00000000000001";"The French Talents";"Tablier St-Jean-de-Luz";"Bleu Marine";"M/L";"39,90 €";"En stock."
"http://www.laredoute.fr/ppdp/prod-500490291.aspx?docid=00000000000001";"The French Talents";"Tablier St-Jean-de-Luz";"Blanc";"M/L";"39,90 €";"En stock."
"http://www.laredoute.fr/ppdp/prod-500492917.aspx?docid=00000000000001";"The French Talents";"Tablier Olhette";"Multicolore";"10 ans";"39,90 €";"En stock."
"http://www.laredoute.fr/ppdp/prod-500511514.aspx?docid=00000000000001";"The French Talents";"Tablier en coton à gros pois";"Bleu";"M/L";"32,00 €";"En stock."
"http://www.laredoute.fr/ppdp/prod-500511514.aspx?docid=00000000000001";"The French Talents";"Tablier en coton à gros pois";"Vert";"M/L";"32,00 €";"En stock."
"http://www.laredoute.fr/ppdp/prod-500704066.aspx?docid=00000000000001";"The French Talents";"Tablier jeanne";"Bleu";"M/L";"30,00 €";"En stock."
"http://www.laredoute.fr/ppdp/prod-500704206.aspx?docid=00000000000001";"The French Talents";"Gant jean";"Bleu";"Taille Unique";"16,00 €";"En stock."
"http://www.laredoute.fr/ppdp/prod-500758696.aspx?docid=00000000000001";"Groupe VDS";"Tablier A La Pêche Bleu - 70 X 82 Cm";"Bleu";"75x85 cm";"32,50 €";"En stock."
"http://www.laredoute.fr/ppdp/prod-500760399.aspx?docid=00000000000001";"Blanc Cerise";"tablier blanc en métis imprimé cerf";"Blanc";"70x80 cm";"32,00 €";"En stock."
"http://www.laredoute.fr/ppdp/prod-500760457.aspx?docid=00000000000001";"Blanc Cerise";"Tablier - métis - celadon - uni";"Céladon";"70x80 cm";"20,80 €";"En stock."
"http://www.laredoute.fr/ppdp/prod-500941847.aspx?docid=00000000000001";"The French Talents";"Gant de Cuisine Fete de Flamant Rose";"Multicolore";"Taille Unique";"16,00 €";"En stock."
"http://www.laredoute.fr/ppdp/prod-501074786.aspx?docid=00000000000001";"Toilinux";"Tablier Couverts - 60 x 70 cm - Gris";"Gris";"Taille Unique";"6,49 €";"En stock."
"http://www.laredoute.fr/ppdp/prod-501407471.aspx?docid=00000000000001";"Toilinux";"Gant et manique Rayure - Gris";"Gris";"Taille Unique";"6,49 €";"En stock."
"http://www.laredoute.fr/ppdp/prod-501407507.aspx?docid=00000000000001";"Toilinux";"Gant et manique Rayure - Fuchsia";"Fuschia";"Taille Unique";"6,49 €";"En stock."
"http://www.laredoute.fr/ppdp/prod-501542927.aspx?docid=00000000000001";"Monteleone";"Gant de four BRINDILLES";"Jade";"Taille Unique";"7,99 €";"En stock."
"http://www.laredoute.fr/ppdp/prod-502328866.aspx?docid=00000000000001";"Groupe VDS";"Tablier Boucherie Et Charcuterie Taupe";"Taupe";"80x90 cm";"31,86 €";"En stock."
"http://www.laredoute.fr/ppdp/prod-502955549.aspx?docid=00000000000001";"Kdesign";"Torchon rayures horizontales noir  asa";"Blanc";"Taille Unique";"3,00 €";"En stock."
"http://www.laredoute.fr/ppdp/prod-502955579.aspx?docid=00000000000001";"Kdesign";"Torchon noir  rayures icales asa";"Vert";"Taille Unique";"2,90 €";"En stock."
"http://www.laredoute.fr/ppdp/prod-503136285.aspx?docid=00000000000001";"Lameirinho";"Watermelon - Manique";"Multicolore";"Taille Unique";"3,90 €";""
"http://www.laredoute.fr/ppdp/prod-504940095.aspx?docid=00000000000001";"The French Talents";"Tablier Papillon Naturel";"Multicolore";"M/L";"22,00 €";"En stock."
"http://www.laredoute.fr/ppdp/prod-505133717.aspx?docid=00000000000001";"Charlotte Boutik";"Ensemble gant et manique Hibou";"Couleur Unique";"1";"15,52 €";"En stock."
"http://www.laredoute.fr/ppdp/prod-500139635.aspx?docid=00000000000001";"Incidence";"MANIQUE - Flower power (set de 2)";"Motifs";"Taille Unique";"9,90 €";"En stock."
"http://www.laredoute.fr/ppdp/prod-500139688.aspx?docid=00000000000001";"Incidence";"TABLIER COTON - Desperate husband";"Gris";"Taille Unique";"20,00 €";"En stock."
"http://www.laredoute.fr/ppdp/prod-500271266.aspx?docid=00000000000001";"Dynamic Distrib";"The Big Bang Theory Tablier avec Gant Knock Knock Penny!";"Couleur Unique";"M/L";"21,95 €";"En stock."
"http://www.laredoute.fr/ppdp/prod-500332027.aspx?docid=00000000000001";"Charlotte Boutik";"Tablier adulte Laissez Lucie Faire";"Couleur Unique";"Taille Unique";"28,22 €";"En stock."
"http://www.laredoute.fr/ppdp/prod-500509648.aspx?docid=00000000000001";"Charlotte Boutik";"Set Barbecue Green Lantern";"Couleur Unique";"Taille Unique";"49,28 €";"En stock."
"http://www.laredoute.fr/ppdp/prod-500704098.aspx?docid=00000000000001";"The French Talents";"Tablier jean";"Bleu";"M/L";"30,00 €";"En stock."
"http://www.laredoute.fr/ppdp/prod-500731955.aspx?docid=00000000000001";"The French Talents";"Tablier en coton Chalets";"Beige";"M/L";"26,00 €";"En stock."
"http://www.laredoute.fr/ppdp/prod-500731955.aspx?docid=00000000000001";"The French Talents";"Tablier en coton Chalets";"Rouge Foncé";"M/L";"26,00 €";"En stock."
"http://www.laredoute.fr/ppdp/prod-500758687.aspx?docid=00000000000001";"Groupe VDS";"Tablier Macaron Rose - 70 X 82 Cm";"Rose";"75x85 cm";"32,50 €";"En stock."
"http://www.laredoute.fr/ppdp/prod-500760411.aspx?docid=00000000000001";"Blanc Cerise";"Tablier - métis - framboise - uni";"Framboise";"70x80 cm";"20,80 €";"En stock."
"http://www.laredoute.fr/ppdp/prod-500855656.aspx?docid=00000000000001";"Sylvie Thiriez";"Manique Jörgen orange";"Couleur Unique";"Taille Unique";"6,25 €";"En stock."
"http://www.laredoute.fr/ppdp/prod-500996108.aspx?docid=00000000000001";"Blanc Cerise";"Tablier - 100% coton - imprimé graphique framboise et prune";"Framboise-Prune";"70x80 cm";"16,00 €";"En stock."
"http://www.laredoute.fr/ppdp/prod-501407504.aspx?docid=00000000000001";"Toilinux";"Gant et manique - Coton - Lin";"Lin";"Taille Unique";"6,39 €";"En stock."
"http://www.laredoute.fr/ppdp/prod-502328863.aspx?docid=00000000000001";"Groupe VDS";"Tablier Pizzaïolo Noir";"Noir";"75x85 cm";"29,48 €";"En stock."
"http://www.laredoute.fr/ppdp/prod-503474176.aspx?docid=00000000000001";"Hello Cadeau";"Tablier en Coton : Cupcakes";"Rose";"Taille Unique";"15,00 €";"En stock."
"http://www.laredoute.fr/ppdp/prod-503737496.aspx?docid=00000000000001";"Charlotte Boutik";"Tablier adulte Petits Gateaux";"Couleur Unique";"Taille Unique";"18,23 €";"En stock."
"http://www.laredoute.fr/ppdp/prod-504040839.aspx?docid=00000000000001";"Sylvie Thiriez";"Gant de cuisine Make a wish";"Couleur Unique";"Taille Unique";"8,75 €";"En stock."
"http://www.laredoute.fr/ppdp/prod-505140549.aspx?docid=00000000000001";"Charlotte Boutik";"Lot de 2 Torchons de cuisine rectangulaire en coton 50 x 70 cm";"Couleur Unique";"M";"9,32 €";"En stock."
"http://www.laredoute.fr/ppdp/prod-505140578.aspx?docid=00000000000001";"Charlotte Boutik";"Ensemble gant et manique Chats";"Couleur Unique";"1";"15,52 €";"En stock."
"http://www.laredoute.fr/ppdp/prod-505411490.aspx?docid=00000000000001";"The French Talents";"Tablier de cuisine en coton";"Gris";"M/L";"46,50 €";"En stock."
"http://www.laredoute.fr/ppdp/prod-505411495.aspx?docid=00000000000001";"The French Talents";"Tablier de cuisine en coton";"Beige";"M/L";"46,50 €";"En stock."
"http://www.laredoute.fr/ppdp/prod-504939623.aspx?docid=00000000000001";"Severyn";"Dickies Redhawk - Tablier de travail (S-2XL) 2 couleurs";"Bleu Marine";"S";"21,65 €";"En stock."
"http://www.laredoute.fr/ppdp/prod-504939623.aspx?docid=00000000000001";"Severyn";"Dickies Redhawk - Tablier de travail (S-2XL) 2 couleurs";"Bleu Marine";"M";"21,65 €";"En stock."
"http://www.laredoute.fr/ppdp/prod-504939623.aspx?docid=00000000000001";"Severyn";"Dickies Redhawk - Tablier de travail (S-2XL) 2 couleurs";"Bleu Marine";"XL";"21,65 €";"En stock."
"http://www.laredoute.fr/ppdp/prod-504939623.aspx?docid=00000000000001";"Severyn";"Dickies Redhawk - Tablier de travail (S-2XL) 2 couleurs";"Bleu Marine";"2XL";"21,65 €";"En stock."
