"Occurrences";"Url";"Vendeur";"Nom du produit";"Couleur";"Taille";"Prix";"Stock"
1;"http://www.laredoute.fr/ppdp/prod-324137216.aspx?docid=00000000000001";"La Redoute";"Housse couette BZ matelas 15 cm 250g/m2";"Imprimé cercles";"140 x 200 cm";"125,31 €";"En stock."
1;"http://www.laredoute.fr/ppdp/prod-324137216.aspx?docid=00000000000001";"La Redoute";"Housse couette BZ matelas 15 cm 250g/m2";"Imprimé cercles";"160 x 200 cm";"139,31 €";"En stock."
1;"http://www.laredoute.fr/ppdp/prod-324137216.aspx?docid=00000000000001";"La Redoute";"Housse couette BZ matelas 15 cm 250g/m2";"Imprimé cercles";"90 x 190 cm";"97,31 €";"En stock."
1;"http://www.laredoute.fr/ppdp/prod-324137216.aspx?docid=00000000000001";"La Redoute";"Housse couette BZ matelas 15 cm 250g/m2";"imprimé New York building";"140 x 200 cm";"125,31 €";"En stock."
1;"http://www.laredoute.fr/ppdp/prod-324137216.aspx?docid=00000000000001";"La Redoute";"Housse couette BZ matelas 15 cm 250g/m2";"imprimé New York building";"160 x 200 cm";"139,31 €";"En stock."
1;"http://www.laredoute.fr/ppdp/prod-324137216.aspx?docid=00000000000001";"La Redoute";"Housse couette BZ matelas 15 cm 250g/m2";"imprimé New York building";"90 x 190 cm";"97,31 €";"En stock."
1;"http://www.laredoute.fr/ppdp/prod-324195969.aspx?docid=00000000000001";"La Redoute";"Housse futon unie";"blanc écru";"140 x 190 cm";"51,76 €";"En stock."
1;"http://www.laredoute.fr/ppdp/prod-324195969.aspx?docid=00000000000001";"La Redoute";"Housse futon unie";"blanc écru";"160 x 200 cm";"59,26 €";"En stock."
1;"http://www.laredoute.fr/ppdp/prod-324195969.aspx?docid=00000000000001";"La Redoute";"Housse futon unie";"blanc écru";"90 x 190 cm";"36,76 €";"En stock."
1;"http://www.laredoute.fr/ppdp/prod-324195969.aspx?docid=00000000000001";"La Redoute";"Housse futon unie";"chocolat";"140 x 190 cm";"48,31 €";"En stock."
1;"http://www.laredoute.fr/ppdp/prod-324195969.aspx?docid=00000000000001";"La Redoute";"Housse futon unie";"chocolat";"160 x 200 cm";"55,31 €";"En stock."
1;"http://www.laredoute.fr/ppdp/prod-324195969.aspx?docid=00000000000001";"La Redoute";"Housse futon unie";"chocolat";"90 x 190 cm";"34,31 €";"En stock."
1;"http://www.laredoute.fr/ppdp/prod-324195969.aspx?docid=00000000000001";"La Redoute";"Housse futon unie";"gris anthracite";"140 x 190 cm";"51,76 €";"En stock."
1;"http://www.laredoute.fr/ppdp/prod-324195969.aspx?docid=00000000000001";"La Redoute";"Housse futon unie";"gris anthracite";"160 x 200 cm";"59,26 €";"En stock."
1;"http://www.laredoute.fr/ppdp/prod-324195969.aspx?docid=00000000000001";"La Redoute";"Housse futon unie";"gris anthracite";"90 x 190 cm";"36,76 €";"En stock."
1;"http://www.laredoute.fr/ppdp/prod-324195969.aspx?docid=00000000000001";"La Redoute";"Housse futon unie";"gris clair";"140 x 190 cm";"44,87 €";"En stock."
1;"http://www.laredoute.fr/ppdp/prod-324195969.aspx?docid=00000000000001";"La Redoute";"Housse futon unie";"gris clair";"160 x 200 cm";"51,37 €";"En stock."
1;"http://www.laredoute.fr/ppdp/prod-324195969.aspx?docid=00000000000001";"La Redoute";"Housse futon unie";"gris clair";"90 x 190 cm";"31,87 €";"En stock."
1;"http://www.laredoute.fr/ppdp/prod-324195969.aspx?docid=00000000000001";"La Redoute";"Housse futon unie";"marron taupe";"140 x 190 cm";"48,31 €";"En stock."
1;"http://www.laredoute.fr/ppdp/prod-324195969.aspx?docid=00000000000001";"La Redoute";"Housse futon unie";"marron taupe";"160 x 200 cm";"55,31 €";"En stock."
1;"http://www.laredoute.fr/ppdp/prod-324195969.aspx?docid=00000000000001";"La Redoute";"Housse futon unie";"marron taupe";"90 x 190 cm";"34,31 €";"En stock."
1;"http://www.laredoute.fr/ppdp/prod-324195969.aspx?docid=00000000000001";"La Redoute";"Housse futon unie";"rouge";"140 x 190 cm";"48,31 €";"En stock."
1;"http://www.laredoute.fr/ppdp/prod-324195969.aspx?docid=00000000000001";"La Redoute";"Housse futon unie";"rouge";"160 x 200 cm";"55,31 €";"En stock."
1;"http://www.laredoute.fr/ppdp/prod-324195969.aspx?docid=00000000000001";"La Redoute";"Housse futon unie";"rouge";"90 x 190 cm";"34,31 €";"En stock."
1;"http://www.laredoute.fr/ppdp/prod-324195969.aspx?docid=00000000000001";"La Redoute";"Housse futon unie";"vert granit";"140 x 190 cm";"48,31 €";"En stock."
1;"http://www.laredoute.fr/ppdp/prod-324195969.aspx?docid=00000000000001";"La Redoute";"Housse futon unie";"vert granit";"160 x 200 cm";"55,31 €";""
1;"http://www.laredoute.fr/ppdp/prod-324195969.aspx?docid=00000000000001";"La Redoute";"Housse futon unie";"vert granit";"90 x 190 cm";"34,31 €";"En stock."
1;"http://www.laredoute.fr/ppdp/prod-324195969.aspx?docid=00000000000001";"La Redoute";"Housse futon unie";"violet prune";"140 x 190 cm";"44,87 €";"En stock."
1;"http://www.laredoute.fr/ppdp/prod-324195969.aspx?docid=00000000000001";"La Redoute";"Housse futon unie";"violet prune";"160 x 200 cm";"51,37 €";"En stock."
1;"http://www.laredoute.fr/ppdp/prod-324195969.aspx?docid=00000000000001";"La Redoute";"Housse futon unie";"violet prune";"90 x 190 cm";"31,87 €";"En stock."
1;"http://www.laredoute.fr/ppdp/prod-500773014.aspx?docid=00000000000001";"La Redoute";"Housse de fauteuil, BRIDGY";"Anthracite / Gris Clair";"Taille Unique";"36,01 €";""
1;"http://www.laredoute.fr/ppdp/prod-500773014.aspx?docid=00000000000001";"La Redoute";"Housse de fauteuil, BRIDGY";"Beige Galet/Taupe";"Taille Unique";"36,01 €";"En stock."
1;"http://www.laredoute.fr/ppdp/prod-500773014.aspx?docid=00000000000001";"La Redoute";"Housse de fauteuil, BRIDGY";"Blanc/Noir";"Taille Unique";"36,01 €";"En stock."
1;"http://www.laredoute.fr/ppdp/prod-500773014.aspx?docid=00000000000001";"La Redoute";"Housse de fauteuil, BRIDGY";"Gris Perle/Blanc";"Taille Unique";"36,01 €";""
1;"http://www.laredoute.fr/ppdp/prod-500773014.aspx?docid=00000000000001";"La Redoute";"Housse de fauteuil, BRIDGY";"Indigo/Gris Perle";"Taille Unique";"36,01 €";"En stock."
1;"http://www.laredoute.fr/ppdp/prod-500773014.aspx?docid=00000000000001";"La Redoute";"Housse de fauteuil, BRIDGY";"Marron Taupe/Galet";"Taille Unique";"36,01 €";""
1;"http://www.laredoute.fr/ppdp/prod-500773773.aspx?docid=00000000000001";"La Redoute";"Housse de canapé, BRIDGY";"Anthracite / Gris Clair";"2 places";"56,01 €";""
1;"http://www.laredoute.fr/ppdp/prod-500773773.aspx?docid=00000000000001";"La Redoute";"Housse de canapé, BRIDGY";"Anthracite / Gris Clair";"2/3 places";"63,01 €";""
1;"http://www.laredoute.fr/ppdp/prod-500773773.aspx?docid=00000000000001";"La Redoute";"Housse de canapé, BRIDGY";"Anthracite / Gris Clair";"3 places";"70,01 €";""
1;"http://www.laredoute.fr/ppdp/prod-500773773.aspx?docid=00000000000001";"La Redoute";"Housse de canapé, BRIDGY";"Beige Galet/Taupe";"2 places";"56,01 €";"En stock."
1;"http://www.laredoute.fr/ppdp/prod-500773773.aspx?docid=00000000000001";"La Redoute";"Housse de canapé, BRIDGY";"Beige Galet/Taupe";"2/3 places";"63,01 €";"En stock."
1;"http://www.laredoute.fr/ppdp/prod-500773773.aspx?docid=00000000000001";"La Redoute";"Housse de canapé, BRIDGY";"Beige Galet/Taupe";"3 places";"70,01 €";""
1;"http://www.laredoute.fr/ppdp/prod-500773773.aspx?docid=00000000000001";"La Redoute";"Housse de canapé, BRIDGY";"Blanc/Noir";"2 places";"56,01 €";"En stock."
1;"http://www.laredoute.fr/ppdp/prod-500773773.aspx?docid=00000000000001";"La Redoute";"Housse de canapé, BRIDGY";"Blanc/Noir";"2/3 places";"63,01 €";""
1;"http://www.laredoute.fr/ppdp/prod-500773773.aspx?docid=00000000000001";"La Redoute";"Housse de canapé, BRIDGY";"Blanc/Noir";"3 places";"70,01 €";""
1;"http://www.laredoute.fr/ppdp/prod-500773773.aspx?docid=00000000000001";"La Redoute";"Housse de canapé, BRIDGY";"Gris Perle/Blanc";"2 places";"56,01 €";""
1;"http://www.laredoute.fr/ppdp/prod-500773773.aspx?docid=00000000000001";"La Redoute";"Housse de canapé, BRIDGY";"Gris Perle/Blanc";"2/3 places";"63,01 €";""
1;"http://www.laredoute.fr/ppdp/prod-500773773.aspx?docid=00000000000001";"La Redoute";"Housse de canapé, BRIDGY";"Gris Perle/Blanc";"3 places";"70,01 €";""
1;"http://www.laredoute.fr/ppdp/prod-500773773.aspx?docid=00000000000001";"La Redoute";"Housse de canapé, BRIDGY";"Indigo/Gris Perle";"2 places";"56,01 €";"En stock."
1;"http://www.laredoute.fr/ppdp/prod-500773773.aspx?docid=00000000000001";"La Redoute";"Housse de canapé, BRIDGY";"Indigo/Gris Perle";"2/3 places";"63,01 €";"En stock."
1;"http://www.laredoute.fr/ppdp/prod-500773773.aspx?docid=00000000000001";"La Redoute";"Housse de canapé, BRIDGY";"Indigo/Gris Perle";"3 places";"70,01 €";"En stock."
1;"http://www.laredoute.fr/ppdp/prod-500773773.aspx?docid=00000000000001";"La Redoute";"Housse de canapé, BRIDGY";"Marron Taupe/Galet";"2 places";"56,01 €";""
1;"http://www.laredoute.fr/ppdp/prod-500773773.aspx?docid=00000000000001";"La Redoute";"Housse de canapé, BRIDGY";"Marron Taupe/Galet";"2/3 places";"63,01 €";""
1;"http://www.laredoute.fr/ppdp/prod-500773773.aspx?docid=00000000000001";"La Redoute";"Housse de canapé, BRIDGY";"Marron Taupe/Galet";"3 places";"70,01 €";""
1;"http://www.laredoute.fr/ppdp/prod-500774372.aspx?docid=00000000000001";"La Redoute";"Housse de fauteuil lin/coton, JIMI";"Blanc";"Taille Unique";"58,51 €";"En stock."
1;"http://www.laredoute.fr/ppdp/prod-500774372.aspx?docid=00000000000001";"La Redoute";"Housse de fauteuil lin/coton, JIMI";"Ecru";"Taille Unique";"58,51 €";"En stock."
1;"http://www.laredoute.fr/ppdp/prod-500774372.aspx?docid=00000000000001";"La Redoute";"Housse de fauteuil lin/coton, JIMI";"Gris Anthracite";"Taille Unique";"58,51 €";"En stock."
1;"http://www.laredoute.fr/ppdp/prod-500774372.aspx?docid=00000000000001";"La Redoute";"Housse de fauteuil lin/coton, JIMI";"Gris";"Taille Unique";"58,51 €";"En stock."
1;"http://www.laredoute.fr/ppdp/prod-500774372.aspx?docid=00000000000001";"La Redoute";"Housse de fauteuil lin/coton, JIMI";"Marron Taupe";"Taille Unique";"58,51 €";"En stock."
1;"http://www.laredoute.fr/ppdp/prod-500774372.aspx?docid=00000000000001";"La Redoute";"Housse de fauteuil lin/coton, JIMI";"Naturel";"Taille Unique";"58,46 €";"En stock."
2;"http://www.laredoute.fr/ppdp/prod-500774789.aspx?docid=00000000000001";"La Redoute";"Jeté de fauteuil ou canapé uni";"Blanc Écru";"250x250 cm";"34,99 €";""
2;"http://www.laredoute.fr/ppdp/prod-500774789.aspx?docid=00000000000001";"La Redoute";"Jeté de fauteuil ou canapé uni";"Blanc Écru";"250x350cm";"34,99 €";""
2;"http://www.laredoute.fr/ppdp/prod-500774789.aspx?docid=00000000000001";"La Redoute";"Jeté de fauteuil ou canapé uni";"Blanc";"250x250 cm";"34,99 €";""
2;"http://www.laredoute.fr/ppdp/prod-500774789.aspx?docid=00000000000001";"La Redoute";"Jeté de fauteuil ou canapé uni";"Blanc";"250x350cm";"34,99 €";"En stock."
2;"http://www.laredoute.fr/ppdp/prod-500774789.aspx?docid=00000000000001";"La Redoute";"Jeté de fauteuil ou canapé uni";"Bleu Canard";"250x250 cm";"34,99 €";"En stock."
2;"http://www.laredoute.fr/ppdp/prod-500774789.aspx?docid=00000000000001";"La Redoute";"Jeté de fauteuil ou canapé uni";"Bleu Canard";"250x350cm";"34,99 €";"En stock."
2;"http://www.laredoute.fr/ppdp/prod-500774789.aspx?docid=00000000000001";"La Redoute";"Jeté de fauteuil ou canapé uni";"Bleu Indigo";"250x250 cm";"34,99 €";""
2;"http://www.laredoute.fr/ppdp/prod-500774789.aspx?docid=00000000000001";"La Redoute";"Jeté de fauteuil ou canapé uni";"Bleu Indigo";"250x350cm";"34,99 €";""
2;"http://www.laredoute.fr/ppdp/prod-500774789.aspx?docid=00000000000001";"La Redoute";"Jeté de fauteuil ou canapé uni";"Gris Anthracite";"250x250 cm";"34,99 €";""
2;"http://www.laredoute.fr/ppdp/prod-500774789.aspx?docid=00000000000001";"La Redoute";"Jeté de fauteuil ou canapé uni";"Gris Anthracite";"250x350cm";"34,99 €";""
2;"http://www.laredoute.fr/ppdp/prod-500774789.aspx?docid=00000000000001";"La Redoute";"Jeté de fauteuil ou canapé uni";"Gris Nuage";"250x250 cm";"34,99 €";"En stock."
2;"http://www.laredoute.fr/ppdp/prod-500774789.aspx?docid=00000000000001";"La Redoute";"Jeté de fauteuil ou canapé uni";"Gris Nuage";"250x350cm";"34,99 €";"En stock."
2;"http://www.laredoute.fr/ppdp/prod-500774789.aspx?docid=00000000000001";"La Redoute";"Jeté de fauteuil ou canapé uni";"Jaune Miel";"250x250 cm";"34,99 €";""
2;"http://www.laredoute.fr/ppdp/prod-500774789.aspx?docid=00000000000001";"La Redoute";"Jeté de fauteuil ou canapé uni";"Jaune Miel";"250x350cm";"34,99 €";""
2;"http://www.laredoute.fr/ppdp/prod-500774789.aspx?docid=00000000000001";"La Redoute";"Jeté de fauteuil ou canapé uni";"Marron Taupe";"250x250 cm";"34,99 €";"En stock."
2;"http://www.laredoute.fr/ppdp/prod-500774789.aspx?docid=00000000000001";"La Redoute";"Jeté de fauteuil ou canapé uni";"Marron Taupe";"250x350cm";"34,99 €";"En stock."
2;"http://www.laredoute.fr/ppdp/prod-500774789.aspx?docid=00000000000001";"La Redoute";"Jeté de fauteuil ou canapé uni";"Noir";"250x250 cm";"34,99 €";"En stock."
2;"http://www.laredoute.fr/ppdp/prod-500774789.aspx?docid=00000000000001";"La Redoute";"Jeté de fauteuil ou canapé uni";"Noir";"250x350cm";"34,99 €";"En stock."
2;"http://www.laredoute.fr/ppdp/prod-500774789.aspx?docid=00000000000001";"La Redoute";"Jeté de fauteuil ou canapé uni";"Prune";"250x250 cm";"34,99 €";"En stock."
2;"http://www.laredoute.fr/ppdp/prod-500774789.aspx?docid=00000000000001";"La Redoute";"Jeté de fauteuil ou canapé uni";"Prune";"250x350cm";"34,99 €";""
2;"http://www.laredoute.fr/ppdp/prod-500774789.aspx?docid=00000000000001";"La Redoute";"Jeté de fauteuil ou canapé uni";"Rouge Rubis";"250x250 cm";"29,99 €";"En stock."
2;"http://www.laredoute.fr/ppdp/prod-500774789.aspx?docid=00000000000001";"La Redoute";"Jeté de fauteuil ou canapé uni";"Rouge Rubis";"250x350cm";"29,99 €";"En stock."
2;"http://www.laredoute.fr/ppdp/prod-500774789.aspx?docid=00020000000001";"La Redoute";"Jeté de fauteuil ou canapé uni";"Orange";"250x250 cm";"29,99 €";"En stock."
2;"http://www.laredoute.fr/ppdp/prod-500774789.aspx?docid=00020000000001";"La Redoute";"Jeté de fauteuil ou canapé uni";"Rose Clair";"250x250 cm";"22,50 €";"En stock."
2;"http://www.laredoute.fr/ppdp/prod-500774789.aspx?docid=00020000000001";"La Redoute";"Jeté de fauteuil ou canapé uni";"Rose Clair";"250x350cm";"29,25 €";"En stock."
2;"http://www.laredoute.fr/ppdp/prod-500775208.aspx?docid=00000000000001";"La Redoute";"Housse de canapé";"Blanc Écru";"2 places";"42,01 €";"En stock."
2;"http://www.laredoute.fr/ppdp/prod-500775208.aspx?docid=00000000000001";"La Redoute";"Housse de canapé";"Blanc Écru";"2/3 places";"48,01 €";"En stock."
2;"http://www.laredoute.fr/ppdp/prod-500775208.aspx?docid=00000000000001";"La Redoute";"Housse de canapé";"Blanc Écru";"3 places";"54,01 €";"En stock."
2;"http://www.laredoute.fr/ppdp/prod-500775208.aspx?docid=00000000000001";"La Redoute";"Housse de canapé";"Blanc";"2 places";"42,01 €";"En stock."
2;"http://www.laredoute.fr/ppdp/prod-500775208.aspx?docid=00000000000001";"La Redoute";"Housse de canapé";"Blanc";"2/3 places";"48,01 €";"En stock."
2;"http://www.laredoute.fr/ppdp/prod-500775208.aspx?docid=00000000000001";"La Redoute";"Housse de canapé";"Blanc";"3 places";"54,01 €";"En stock."
2;"http://www.laredoute.fr/ppdp/prod-500775208.aspx?docid=00000000000001";"La Redoute";"Housse de canapé";"Bleu Canard";"2 places";"42,01 €";"En stock."
2;"http://www.laredoute.fr/ppdp/prod-500775208.aspx?docid=00000000000001";"La Redoute";"Housse de canapé";"Bleu Canard";"2/3 places";"48,01 €";"En stock."
2;"http://www.laredoute.fr/ppdp/prod-500775208.aspx?docid=00000000000001";"La Redoute";"Housse de canapé";"Bleu Canard";"3 places";"54,01 €";"En stock."
2;"http://www.laredoute.fr/ppdp/prod-500775208.aspx?docid=00000000000001";"La Redoute";"Housse de canapé";"Bleu Indigo";"2 places";"42,01 €";""
2;"http://www.laredoute.fr/ppdp/prod-500775208.aspx?docid=00000000000001";"La Redoute";"Housse de canapé";"Bleu Indigo";"2/3 places";"48,01 €";"En stock."
2;"http://www.laredoute.fr/ppdp/prod-500775208.aspx?docid=00000000000001";"La Redoute";"Housse de canapé";"Bleu Indigo";"3 places";"54,01 €";"En stock."
2;"http://www.laredoute.fr/ppdp/prod-500775208.aspx?docid=00000000000001";"La Redoute";"Housse de canapé";"Gris Anthracite";"2 places";"42,01 €";"En stock."
2;"http://www.laredoute.fr/ppdp/prod-500775208.aspx?docid=00000000000001";"La Redoute";"Housse de canapé";"Gris Anthracite";"2/3 places";"48,01 €";"En stock."
2;"http://www.laredoute.fr/ppdp/prod-500775208.aspx?docid=00000000000001";"La Redoute";"Housse de canapé";"Gris Anthracite";"3 places";"54,01 €";""
2;"http://www.laredoute.fr/ppdp/prod-500775208.aspx?docid=00000000000001";"La Redoute";"Housse de canapé";"Gris Nuage";"2 places";"42,01 €";"En stock."
2;"http://www.laredoute.fr/ppdp/prod-500775208.aspx?docid=00000000000001";"La Redoute";"Housse de canapé";"Gris Nuage";"2/3 places";"48,01 €";"En stock."
2;"http://www.laredoute.fr/ppdp/prod-500775208.aspx?docid=00000000000001";"La Redoute";"Housse de canapé";"Gris Nuage";"3 places";"54,01 €";"En stock."
2;"http://www.laredoute.fr/ppdp/prod-500775208.aspx?docid=00000000000001";"La Redoute";"Housse de canapé";"Jaune Miel";"2 places";"42,01 €";""
2;"http://www.laredoute.fr/ppdp/prod-500775208.aspx?docid=00000000000001";"La Redoute";"Housse de canapé";"Jaune Miel";"2/3 places";"48,01 €";""
2;"http://www.laredoute.fr/ppdp/prod-500775208.aspx?docid=00000000000001";"La Redoute";"Housse de canapé";"Jaune Miel";"3 places";"54,01 €";"En stock."
2;"http://www.laredoute.fr/ppdp/prod-500775208.aspx?docid=00000000000001";"La Redoute";"Housse de canapé";"Marron Taupe";"2 places";"42,01 €";"En stock."
2;"http://www.laredoute.fr/ppdp/prod-500775208.aspx?docid=00000000000001";"La Redoute";"Housse de canapé";"Marron Taupe";"2/3 places";"48,01 €";"En stock."
2;"http://www.laredoute.fr/ppdp/prod-500775208.aspx?docid=00000000000001";"La Redoute";"Housse de canapé";"Marron Taupe";"3 places";"54,01 €";"En stock."
2;"http://www.laredoute.fr/ppdp/prod-500775208.aspx?docid=00000000000001";"La Redoute";"Housse de canapé";"Noir";"2 places";"42,01 €";"En stock."
2;"http://www.laredoute.fr/ppdp/prod-500775208.aspx?docid=00000000000001";"La Redoute";"Housse de canapé";"Noir";"2/3 places";"48,01 €";"En stock."
2;"http://www.laredoute.fr/ppdp/prod-500775208.aspx?docid=00000000000001";"La Redoute";"Housse de canapé";"Noir";"3 places";"54,01 €";"En stock."
2;"http://www.laredoute.fr/ppdp/prod-500775208.aspx?docid=00000000000001";"La Redoute";"Housse de canapé";"Prune";"2 places";"42,01 €";"En stock."
2;"http://www.laredoute.fr/ppdp/prod-500775208.aspx?docid=00000000000001";"La Redoute";"Housse de canapé";"Prune";"2/3 places";"48,01 €";"En stock."
2;"http://www.laredoute.fr/ppdp/prod-500775208.aspx?docid=00000000000001";"La Redoute";"Housse de canapé";"Prune";"3 places";"54,01 €";"En stock."
2;"http://www.laredoute.fr/ppdp/prod-500775208.aspx?docid=00000000000001";"La Redoute";"Housse de canapé";"Rouge Rubis";"2 places";"35,02 €";"En stock."
2;"http://www.laredoute.fr/ppdp/prod-500775208.aspx?docid=00000000000001";"La Redoute";"Housse de canapé";"Rouge Rubis";"2/3 places";"40,02 €";"En stock."
2;"http://www.laredoute.fr/ppdp/prod-500775208.aspx?docid=00000000000001";"La Redoute";"Housse de canapé";"Rouge Rubis";"3 places";"45,02 €";"En stock."
2;"http://www.laredoute.fr/ppdp/prod-500775208.aspx?docid=00020000000001";"La Redoute";"Housse de canapé";"Orange Pêche";"2/3 places";"44,02 €";"En stock."
2;"http://www.laredoute.fr/ppdp/prod-500775208.aspx?docid=00020000000001";"La Redoute";"Housse de canapé";"Rouge";"2 places";"34,97 €";"En stock."
2;"http://www.laredoute.fr/ppdp/prod-500775208.aspx?docid=00020000000001";"La Redoute";"Housse de canapé";"Rouge";"2/3 places";"39,97 €";"En stock."
2;"http://www.laredoute.fr/ppdp/prod-500775208.aspx?docid=00020000000001";"La Redoute";"Housse de canapé";"Rouge";"3 places";"44,97 €";""
2;"http://www.laredoute.fr/ppdp/prod-500775208.aspx?docid=00020000000001";"La Redoute";"Housse de canapé";"Vert Menthe";"2 places";"34,97 €";"En stock."
2;"http://www.laredoute.fr/ppdp/prod-500775208.aspx?docid=00020000000001";"La Redoute";"Housse de canapé";"Vert Menthe";"2/3 places";"39,97 €";""
2;"http://www.laredoute.fr/ppdp/prod-500775208.aspx?docid=00020000000001";"La Redoute";"Housse de canapé";"Vert Menthe";"3 places";"44,97 €";""
1;"http://www.laredoute.fr/ppdp/prod-500785567.aspx?docid=00000000000001";"La Redoute";"Boutis matelassé";"Beige Taupe Clair";"140x200 cm";"29,99 €";"En stock."
1;"http://www.laredoute.fr/ppdp/prod-500785567.aspx?docid=00000000000001";"La Redoute";"Boutis matelassé";"Beige Taupe Clair";"150x150 cm";"24,99 €";"En stock."
1;"http://www.laredoute.fr/ppdp/prod-500785567.aspx?docid=00000000000001";"La Redoute";"Boutis matelassé";"Beige Taupe Clair";"180x250 cm";"54,99 €";"En stock."
1;"http://www.laredoute.fr/ppdp/prod-500785567.aspx?docid=00000000000001";"La Redoute";"Boutis matelassé";"Beige Taupe Clair";"230x250 cm";"74,99 €";"En stock."
1;"http://www.laredoute.fr/ppdp/prod-500785567.aspx?docid=00000000000001";"La Redoute";"Boutis matelassé";"Blanc Écru";"140x200 cm";"29,99 €";"En stock."
1;"http://www.laredoute.fr/ppdp/prod-500785567.aspx?docid=00000000000001";"La Redoute";"Boutis matelassé";"Blanc Écru";"150x150 cm";"24,99 €";"En stock."
1;"http://www.laredoute.fr/ppdp/prod-500785567.aspx?docid=00000000000001";"La Redoute";"Boutis matelassé";"Blanc Écru";"180x250 cm";"54,99 €";"En stock."
1;"http://www.laredoute.fr/ppdp/prod-500785567.aspx?docid=00000000000001";"La Redoute";"Boutis matelassé";"Blanc Écru";"230x250 cm";"74,99 €";"En stock."
1;"http://www.laredoute.fr/ppdp/prod-500785567.aspx?docid=00000000000001";"La Redoute";"Boutis matelassé";"Blanc";"140x200 cm";"29,99 €";""
1;"http://www.laredoute.fr/ppdp/prod-500785567.aspx?docid=00000000000001";"La Redoute";"Boutis matelassé";"Blanc";"150x150 cm";"24,99 €";"En stock."
1;"http://www.laredoute.fr/ppdp/prod-500785567.aspx?docid=00000000000001";"La Redoute";"Boutis matelassé";"Blanc";"180x250 cm";"54,99 €";"En stock."
1;"http://www.laredoute.fr/ppdp/prod-500785567.aspx?docid=00000000000001";"La Redoute";"Boutis matelassé";"Blanc";"230x250 cm";"74,99 €";"En stock."
1;"http://www.laredoute.fr/ppdp/prod-500785567.aspx?docid=00000000000001";"La Redoute";"Boutis matelassé";"Bleu Orage";"140x200 cm";"29,99 €";"En stock."
1;"http://www.laredoute.fr/ppdp/prod-500785567.aspx?docid=00000000000001";"La Redoute";"Boutis matelassé";"Bleu Orage";"150x150 cm";"24,99 €";"En stock."
1;"http://www.laredoute.fr/ppdp/prod-500785567.aspx?docid=00000000000001";"La Redoute";"Boutis matelassé";"Bleu Orage";"180x250 cm";"54,99 €";""
1;"http://www.laredoute.fr/ppdp/prod-500785567.aspx?docid=00000000000001";"La Redoute";"Boutis matelassé";"Bleu Orage";"230x250 cm";"74,99 €";"En stock."
1;"http://www.laredoute.fr/ppdp/prod-500785567.aspx?docid=00000000000001";"La Redoute";"Boutis matelassé";"Gris Anthracite";"140x200 cm";"29,99 €";"En stock."
1;"http://www.laredoute.fr/ppdp/prod-500785567.aspx?docid=00000000000001";"La Redoute";"Boutis matelassé";"Gris Anthracite";"150x150 cm";"24,99 €";"En stock."
1;"http://www.laredoute.fr/ppdp/prod-500785567.aspx?docid=00000000000001";"La Redoute";"Boutis matelassé";"Gris Anthracite";"180x250 cm";"54,99 €";"En stock."
1;"http://www.laredoute.fr/ppdp/prod-500785567.aspx?docid=00000000000001";"La Redoute";"Boutis matelassé";"Gris Anthracite";"230x250 cm";"74,99 €";"En stock."
1;"http://www.laredoute.fr/ppdp/prod-500785567.aspx?docid=00000000000001";"La Redoute";"Boutis matelassé";"Taupe";"140x200 cm";"29,99 €";"En stock."
1;"http://www.laredoute.fr/ppdp/prod-500785567.aspx?docid=00000000000001";"La Redoute";"Boutis matelassé";"Taupe";"150x150 cm";"24,99 €";"En stock."
1;"http://www.laredoute.fr/ppdp/prod-500785567.aspx?docid=00000000000001";"La Redoute";"Boutis matelassé";"Taupe";"180x250 cm";"54,99 €";"En stock."
1;"http://www.laredoute.fr/ppdp/prod-500785567.aspx?docid=00000000000001";"La Redoute";"Boutis matelassé";"Taupe";"230x250 cm";"74,99 €";""
1;"http://www.laredoute.fr/ppdp/prod-500785567.aspx?docid=00000000000001";"La Redoute";"Boutis matelassé";"Violet Violine";"140x200 cm";"29,99 €";"En stock."
1;"http://www.laredoute.fr/ppdp/prod-500785567.aspx?docid=00000000000001";"La Redoute";"Boutis matelassé";"Violet Violine";"150x150 cm";"24,99 €";"En stock."
1;"http://www.laredoute.fr/ppdp/prod-500785567.aspx?docid=00000000000001";"La Redoute";"Boutis matelassé";"Violet Violine";"180x250 cm";"54,99 €";"En stock."
1;"http://www.laredoute.fr/ppdp/prod-500785567.aspx?docid=00000000000001";"La Redoute";"Boutis matelassé";"Violet Violine";"230x250 cm";"74,99 €";"En stock."
1;"http://www.laredoute.fr/ppdp/prod-500785736.aspx?docid=00000000000001";"La Redoute";"Housse extensible pour fauteuil et canapé, AHMIS";"Anthracite";"1place";"42,01 €";"En stock."
1;"http://www.laredoute.fr/ppdp/prod-500785736.aspx?docid=00000000000001";"La Redoute";"Housse extensible pour fauteuil et canapé, AHMIS";"Anthracite";"2 places";"56,01 €";"En stock."
1;"http://www.laredoute.fr/ppdp/prod-500785736.aspx?docid=00000000000001";"La Redoute";"Housse extensible pour fauteuil et canapé, AHMIS";"Anthracite";"3 places";"70,01 €";"En stock."
1;"http://www.laredoute.fr/ppdp/prod-500785736.aspx?docid=00000000000001";"La Redoute";"Housse extensible pour fauteuil et canapé, AHMIS";"Beige Ficelle";"1place";"42,01 €";"En stock."
1;"http://www.laredoute.fr/ppdp/prod-500785736.aspx?docid=00000000000001";"La Redoute";"Housse extensible pour fauteuil et canapé, AHMIS";"Beige Ficelle";"2 places";"56,01 €";"En stock."
1;"http://www.laredoute.fr/ppdp/prod-500785736.aspx?docid=00000000000001";"La Redoute";"Housse extensible pour fauteuil et canapé, AHMIS";"Beige Ficelle";"3 places";"70,01 €";"En stock."
1;"http://www.laredoute.fr/ppdp/prod-500785736.aspx?docid=00000000000001";"La Redoute";"Housse extensible pour fauteuil et canapé, AHMIS";"Blanc Écru";"1place";"42,01 €";"En stock."
1;"http://www.laredoute.fr/ppdp/prod-500785736.aspx?docid=00000000000001";"La Redoute";"Housse extensible pour fauteuil et canapé, AHMIS";"Blanc Écru";"2 places";"56,01 €";"En stock."
1;"http://www.laredoute.fr/ppdp/prod-500785736.aspx?docid=00000000000001";"La Redoute";"Housse extensible pour fauteuil et canapé, AHMIS";"Blanc Écru";"3 places";"70,01 €";"En stock."
1;"http://www.laredoute.fr/ppdp/prod-500785736.aspx?docid=00000000000001";"La Redoute";"Housse extensible pour fauteuil et canapé, AHMIS";"Gris";"1place";"42,01 €";"En stock."
1;"http://www.laredoute.fr/ppdp/prod-500785736.aspx?docid=00000000000001";"La Redoute";"Housse extensible pour fauteuil et canapé, AHMIS";"Gris";"2 places";"56,01 €";"En stock."
1;"http://www.laredoute.fr/ppdp/prod-500785736.aspx?docid=00000000000001";"La Redoute";"Housse extensible pour fauteuil et canapé, AHMIS";"Gris";"3 places";"70,01 €";"En stock."
1;"http://www.laredoute.fr/ppdp/prod-500785736.aspx?docid=00000000000001";"La Redoute";"Housse extensible pour fauteuil et canapé, AHMIS";"Marron Taupe";"1place";"42,01 €";"En stock."
1;"http://www.laredoute.fr/ppdp/prod-500785736.aspx?docid=00000000000001";"La Redoute";"Housse extensible pour fauteuil et canapé, AHMIS";"Marron Taupe";"2 places";"56,01 €";"En stock."
1;"http://www.laredoute.fr/ppdp/prod-500785736.aspx?docid=00000000000001";"La Redoute";"Housse extensible pour fauteuil et canapé, AHMIS";"Marron Taupe";"3 places";"70,01 €";"En stock."
1;"http://www.laredoute.fr/ppdp/prod-500785736.aspx?docid=00000000000001";"La Redoute";"Housse extensible pour fauteuil et canapé, AHMIS";"Noir";"1place";"42,01 €";"En stock."
1;"http://www.laredoute.fr/ppdp/prod-500785736.aspx?docid=00000000000001";"La Redoute";"Housse extensible pour fauteuil et canapé, AHMIS";"Noir";"2 places";"56,01 €";"En stock."
1;"http://www.laredoute.fr/ppdp/prod-500785736.aspx?docid=00000000000001";"La Redoute";"Housse extensible pour fauteuil et canapé, AHMIS";"Noir";"3 places";"70,01 €";"En stock."
1;"http://www.laredoute.fr/ppdp/prod-500785736.aspx?docid=00000000000001";"La Redoute";"Housse extensible pour fauteuil et canapé, AHMIS";"Rouge";"1place";"42,01 €";"En stock."
1;"http://www.laredoute.fr/ppdp/prod-500785736.aspx?docid=00000000000001";"La Redoute";"Housse extensible pour fauteuil et canapé, AHMIS";"Rouge";"2 places";"56,01 €";"En stock."
1;"http://www.laredoute.fr/ppdp/prod-500785736.aspx?docid=00000000000001";"La Redoute";"Housse extensible pour fauteuil et canapé, AHMIS";"Rouge";"3 places";"70,01 €";"En stock."
2;"http://www.laredoute.fr/ppdp/prod-500785746.aspx?docid=00000000000001";"La Redoute";"Housse de canapé lin/coton, JIMI";"Blanc";"2 places";"70,01 €";"En stock."
2;"http://www.laredoute.fr/ppdp/prod-500785746.aspx?docid=00000000000001";"La Redoute";"Housse de canapé lin/coton, JIMI";"Blanc";"2/3 places";"94,51 €";"En stock."
2;"http://www.laredoute.fr/ppdp/prod-500785746.aspx?docid=00000000000001";"La Redoute";"Housse de canapé lin/coton, JIMI";"Blanc";"3 places";"108,51 €";"En stock."
2;"http://www.laredoute.fr/ppdp/prod-500785746.aspx?docid=00000000000001";"La Redoute";"Housse de canapé lin/coton, JIMI";"Ecru";"2 places";"65,01 €";"En stock."
2;"http://www.laredoute.fr/ppdp/prod-500785746.aspx?docid=00000000000001";"La Redoute";"Housse de canapé lin/coton, JIMI";"Ecru";"2/3 places";"87,76 €";"En stock."
2;"http://www.laredoute.fr/ppdp/prod-500785746.aspx?docid=00000000000001";"La Redoute";"Housse de canapé lin/coton, JIMI";"Ecru";"3 places";"100,76 €";"En stock."
2;"http://www.laredoute.fr/ppdp/prod-500785746.aspx?docid=00000000000001";"La Redoute";"Housse de canapé lin/coton, JIMI";"Gris Anthracite";"2 places";"65,01 €";"En stock."
2;"http://www.laredoute.fr/ppdp/prod-500785746.aspx?docid=00000000000001";"La Redoute";"Housse de canapé lin/coton, JIMI";"Gris Anthracite";"2/3 places";"87,76 €";"En stock."
2;"http://www.laredoute.fr/ppdp/prod-500785746.aspx?docid=00000000000001";"La Redoute";"Housse de canapé lin/coton, JIMI";"Gris Anthracite";"3 places";"100,76 €";"En stock."
2;"http://www.laredoute.fr/ppdp/prod-500785746.aspx?docid=00000000000001";"La Redoute";"Housse de canapé lin/coton, JIMI";"Gris";"2 places";"70,01 €";"En stock."
2;"http://www.laredoute.fr/ppdp/prod-500785746.aspx?docid=00000000000001";"La Redoute";"Housse de canapé lin/coton, JIMI";"Gris";"2/3 places";"94,51 €";"En stock."
2;"http://www.laredoute.fr/ppdp/prod-500785746.aspx?docid=00000000000001";"La Redoute";"Housse de canapé lin/coton, JIMI";"Gris";"3 places";"108,51 €";"En stock."
2;"http://www.laredoute.fr/ppdp/prod-500785746.aspx?docid=00000000000001";"La Redoute";"Housse de canapé lin/coton, JIMI";"Marron Taupe";"2 places";"65,01 €";"En stock."
2;"http://www.laredoute.fr/ppdp/prod-500785746.aspx?docid=00000000000001";"La Redoute";"Housse de canapé lin/coton, JIMI";"Marron Taupe";"2/3 places";"87,76 €";"En stock."
2;"http://www.laredoute.fr/ppdp/prod-500785746.aspx?docid=00000000000001";"La Redoute";"Housse de canapé lin/coton, JIMI";"Marron Taupe";"3 places";"100,76 €";"En stock."
2;"http://www.laredoute.fr/ppdp/prod-500785746.aspx?docid=00000000000001";"La Redoute";"Housse de canapé lin/coton, JIMI";"Naturel";"2 places";"64,96 €";"En stock."
2;"http://www.laredoute.fr/ppdp/prod-500785746.aspx?docid=00000000000001";"La Redoute";"Housse de canapé lin/coton, JIMI";"Naturel";"2/3 places";"87,71 €";"En stock."
2;"http://www.laredoute.fr/ppdp/prod-500785746.aspx?docid=00000000000001";"La Redoute";"Housse de canapé lin/coton, JIMI";"Naturel";"3 places";"100,71 €";"En stock."
2;"http://www.laredoute.fr/ppdp/prod-500785746.aspx?docid=00020000000001";"La Redoute";"Housse de canapé lin/coton, JIMI";"Beige Galet";"2 places";"54,99 €";"En stock."
2;"http://www.laredoute.fr/ppdp/prod-500785746.aspx?docid=00020000000001";"La Redoute";"Housse de canapé lin/coton, JIMI";"Beige Galet";"2/3 places";"74,24 €";"En stock."
2;"http://www.laredoute.fr/ppdp/prod-500785746.aspx?docid=00020000000001";"La Redoute";"Housse de canapé lin/coton, JIMI";"Beige Galet";"3 places";"85,24 €";""
1;"http://www.laredoute.fr/ppdp/prod-500785769.aspx?docid=00000000000001";"La Redoute";"Plaid artisanal, Nedo";"Anthracite";"140x200 cm";"14,99 €";"En stock."
1;"http://www.laredoute.fr/ppdp/prod-500785769.aspx?docid=00000000000001";"La Redoute";"Plaid artisanal, Nedo";"Anthracite";"150x150 cm";"9,99 €";"En stock."
1;"http://www.laredoute.fr/ppdp/prod-500785769.aspx?docid=00000000000001";"La Redoute";"Plaid artisanal, Nedo";"Anthracite";"180x230 cm";"24,99 €";"En stock."
1;"http://www.laredoute.fr/ppdp/prod-500785769.aspx?docid=00000000000001";"La Redoute";"Plaid artisanal, Nedo";"Anthracite";"230x250 cm";"34,99 €";"En stock."
1;"http://www.laredoute.fr/ppdp/prod-500785769.aspx?docid=00000000000001";"La Redoute";"Plaid artisanal, Nedo";"Beige Taupe Clair";"140x200 cm";"14,99 €";""
1;"http://www.laredoute.fr/ppdp/prod-500785769.aspx?docid=00000000000001";"La Redoute";"Plaid artisanal, Nedo";"Beige Taupe Clair";"150x150 cm";"9,99 €";"En stock."
1;"http://www.laredoute.fr/ppdp/prod-500785769.aspx?docid=00000000000001";"La Redoute";"Plaid artisanal, Nedo";"Beige Taupe Clair";"180x230 cm";"24,99 €";""
1;"http://www.laredoute.fr/ppdp/prod-500785769.aspx?docid=00000000000001";"La Redoute";"Plaid artisanal, Nedo";"Beige Taupe Clair";"230x250 cm";"34,99 €";""
1;"http://www.laredoute.fr/ppdp/prod-500785769.aspx?docid=00000000000001";"La Redoute";"Plaid artisanal, Nedo";"Blanc Écru";"140x200 cm";"14,99 €";""
1;"http://www.laredoute.fr/ppdp/prod-500785769.aspx?docid=00000000000001";"La Redoute";"Plaid artisanal, Nedo";"Blanc Écru";"150x150 cm";"9,99 €";"En stock."
1;"http://www.laredoute.fr/ppdp/prod-500785769.aspx?docid=00000000000001";"La Redoute";"Plaid artisanal, Nedo";"Blanc Écru";"180x230 cm";"24,99 €";""
1;"http://www.laredoute.fr/ppdp/prod-500785769.aspx?docid=00000000000001";"La Redoute";"Plaid artisanal, Nedo";"Blanc Écru";"230x250 cm";"34,99 €";""
1;"http://www.laredoute.fr/ppdp/prod-500785769.aspx?docid=00000000000001";"La Redoute";"Plaid artisanal, Nedo";"Gris";"140x200 cm";"14,99 €";"En stock."
1;"http://www.laredoute.fr/ppdp/prod-500785769.aspx?docid=00000000000001";"La Redoute";"Plaid artisanal, Nedo";"Gris";"150x150 cm";"9,99 €";"En stock."
1;"http://www.laredoute.fr/ppdp/prod-500785769.aspx?docid=00000000000001";"La Redoute";"Plaid artisanal, Nedo";"Gris";"180x230 cm";"24,99 €";"En stock."
1;"http://www.laredoute.fr/ppdp/prod-500785769.aspx?docid=00000000000001";"La Redoute";"Plaid artisanal, Nedo";"Gris";"230x250 cm";"34,99 €";"En stock."
1;"http://www.laredoute.fr/ppdp/prod-500785769.aspx?docid=00000000000001";"La Redoute";"Plaid artisanal, Nedo";"Marron Taupe";"140x200 cm";"14,99 €";"En stock."
1;"http://www.laredoute.fr/ppdp/prod-500785769.aspx?docid=00000000000001";"La Redoute";"Plaid artisanal, Nedo";"Marron Taupe";"150x150 cm";"9,99 €";""
1;"http://www.laredoute.fr/ppdp/prod-500785769.aspx?docid=00000000000001";"La Redoute";"Plaid artisanal, Nedo";"Marron Taupe";"180x230 cm";"24,99 €";""
1;"http://www.laredoute.fr/ppdp/prod-500785769.aspx?docid=00000000000001";"La Redoute";"Plaid artisanal, Nedo";"Marron Taupe";"230x250 cm";"34,99 €";""
1;"http://www.laredoute.fr/ppdp/prod-500785769.aspx?docid=00000000000001";"La Redoute";"Plaid artisanal, Nedo";"Rose Indien";"140x200 cm";"14,99 €";"En stock."
1;"http://www.laredoute.fr/ppdp/prod-500785769.aspx?docid=00000000000001";"La Redoute";"Plaid artisanal, Nedo";"Rose Indien";"150x150 cm";"9,99 €";"En stock."
1;"http://www.laredoute.fr/ppdp/prod-500785769.aspx?docid=00000000000001";"La Redoute";"Plaid artisanal, Nedo";"Rose Indien";"180x230 cm";"24,99 €";"En stock."
1;"http://www.laredoute.fr/ppdp/prod-500785769.aspx?docid=00000000000001";"La Redoute";"Plaid artisanal, Nedo";"Rose Indien";"230x250 cm";"34,99 €";"En stock."
1;"http://www.laredoute.fr/ppdp/prod-500786544.aspx?docid=00000000000001";"La Redoute";"Housse de fauteuil";"Blanc Écru";"Taille Unique";"30,01 €";"En stock."
1;"http://www.laredoute.fr/ppdp/prod-500786544.aspx?docid=00000000000001";"La Redoute";"Housse de fauteuil";"Blanc";"Taille Unique";"30,01 €";"En stock."
1;"http://www.laredoute.fr/ppdp/prod-500786544.aspx?docid=00000000000001";"La Redoute";"Housse de fauteuil";"Bleu Canard";"Taille Unique";"30,01 €";"En stock."
1;"http://www.laredoute.fr/ppdp/prod-500786544.aspx?docid=00000000000001";"La Redoute";"Housse de fauteuil";"Bleu Indigo";"Taille Unique";"30,01 €";"En stock."
1;"http://www.laredoute.fr/ppdp/prod-500786544.aspx?docid=00000000000001";"La Redoute";"Housse de fauteuil";"Gris Anthracite";"Taille Unique";"30,01 €";"En stock."
1;"http://www.laredoute.fr/ppdp/prod-500786544.aspx?docid=00000000000001";"La Redoute";"Housse de fauteuil";"Gris Nuage";"Taille Unique";"30,01 €";"En stock."
1;"http://www.laredoute.fr/ppdp/prod-500786544.aspx?docid=00000000000001";"La Redoute";"Housse de fauteuil";"Jaune Miel";"Taille Unique";"30,01 €";"En stock."
1;"http://www.laredoute.fr/ppdp/prod-500786544.aspx?docid=00000000000001";"La Redoute";"Housse de fauteuil";"Marron Taupe";"Taille Unique";"30,01 €";"En stock."
1;"http://www.laredoute.fr/ppdp/prod-500786544.aspx?docid=00000000000001";"La Redoute";"Housse de fauteuil";"Noir";"Taille Unique";"30,01 €";"En stock."
1;"http://www.laredoute.fr/ppdp/prod-500786544.aspx?docid=00000000000001";"La Redoute";"Housse de fauteuil";"Prune";"Taille Unique";"30,01 €";"En stock."
1;"http://www.laredoute.fr/ppdp/prod-500786544.aspx?docid=00000000000001";"La Redoute";"Housse de fauteuil";"Rouge Rubis";"Taille Unique";"25,02 €";"En stock."
1;"http://www.laredoute.fr/ppdp/prod-500786598.aspx?docid=00000000000001";"La Redoute";"Protège-fauteuil et canapé, Onelus";"Anthracite";"1place";"19,99 €";"En stock."
1;"http://www.laredoute.fr/ppdp/prod-500786598.aspx?docid=00000000000001";"La Redoute";"Protège-fauteuil et canapé, Onelus";"Anthracite";"2 places";"29,99 €";"En stock."
1;"http://www.laredoute.fr/ppdp/prod-500786598.aspx?docid=00000000000001";"La Redoute";"Protège-fauteuil et canapé, Onelus";"Anthracite";"3 places";"34,99 €";"En stock."
1;"http://www.laredoute.fr/ppdp/prod-500786598.aspx?docid=00000000000001";"La Redoute";"Protège-fauteuil et canapé, Onelus";"Taupe";"1place";"19,99 €";"En stock."
1;"http://www.laredoute.fr/ppdp/prod-500786598.aspx?docid=00000000000001";"La Redoute";"Protège-fauteuil et canapé, Onelus";"Taupe";"2 places";"29,99 €";""
1;"http://www.laredoute.fr/ppdp/prod-500786598.aspx?docid=00000000000001";"La Redoute";"Protège-fauteuil et canapé, Onelus";"Taupe";"3 places";"34,99 €";"En stock."
1;"http://www.laredoute.fr/ppdp/prod-500787396.aspx?docid=00000000000001";"La Redoute";"Housse extensible pour cabriolet gaufrée, AHMIS";"Anthracite";"Taille Unique";"42,01 €";"En stock."
1;"http://www.laredoute.fr/ppdp/prod-500787396.aspx?docid=00000000000001";"La Redoute";"Housse extensible pour cabriolet gaufrée, AHMIS";"Beige Ficelle";"Taille Unique";"42,01 €";"En stock."
1;"http://www.laredoute.fr/ppdp/prod-500787396.aspx?docid=00000000000001";"La Redoute";"Housse extensible pour cabriolet gaufrée, AHMIS";"Blanc Écru";"Taille Unique";"42,01 €";"En stock."
1;"http://www.laredoute.fr/ppdp/prod-500787396.aspx?docid=00000000000001";"La Redoute";"Housse extensible pour cabriolet gaufrée, AHMIS";"Gris";"Taille Unique";"42,01 €";"En stock."
1;"http://www.laredoute.fr/ppdp/prod-500787396.aspx?docid=00000000000001";"La Redoute";"Housse extensible pour cabriolet gaufrée, AHMIS";"Marron Taupe";"Taille Unique";"42,01 €";"En stock."
1;"http://www.laredoute.fr/ppdp/prod-500787396.aspx?docid=00000000000001";"La Redoute";"Housse extensible pour cabriolet gaufrée, AHMIS";"Noir";"Taille Unique";"42,01 €";"En stock."
1;"http://www.laredoute.fr/ppdp/prod-500787396.aspx?docid=00000000000001";"La Redoute";"Housse extensible pour cabriolet gaufrée, AHMIS";"Rouge";"Taille Unique";"42,01 €";"En stock."
1;"http://www.laredoute.fr/ppdp/prod-500787904.aspx?docid=00000000000001";"La Redoute";"Protège-fauteuil et canapé, Oralda";"Anthracite / Gris Clair";"1place";"19,99 €";"En stock."
1;"http://www.laredoute.fr/ppdp/prod-500787904.aspx?docid=00000000000001";"La Redoute";"Protège-fauteuil et canapé, Oralda";"Anthracite / Gris Clair";"2 places";"24,99 €";"En stock."
1;"http://www.laredoute.fr/ppdp/prod-500787904.aspx?docid=00000000000001";"La Redoute";"Protège-fauteuil et canapé, Oralda";"Anthracite / Gris Clair";"3 places";"29,99 €";"En stock."
1;"http://www.laredoute.fr/ppdp/prod-500787904.aspx?docid=00000000000001";"La Redoute";"Protège-fauteuil et canapé, Oralda";"Taupe/Beige";"1place";"19,99 €";"En stock."
1;"http://www.laredoute.fr/ppdp/prod-500787904.aspx?docid=00000000000001";"La Redoute";"Protège-fauteuil et canapé, Oralda";"Taupe/Beige";"2 places";"24,99 €";"En stock."
1;"http://www.laredoute.fr/ppdp/prod-500787904.aspx?docid=00000000000001";"La Redoute";"Protège-fauteuil et canapé, Oralda";"Taupe/Beige";"3 places";"29,99 €";"En stock."
